,V1,V2,V3,V4,V5,V6,V7,V8,V9,V10,V11,V12,V13,V14
1,Checklist,ERC000013,GSC MIxS host associated,,,,,,,,,,,NA
2,tax_id,scientific_name,sample_alias,sample_title,sample_description,project name,collection date,geographic location (country and/or sea),geographic location (latitude),geographic location (longitude),broad-scale environmental context,local environmental context,environmental medium,NA
3,#units,,,,,,,,DD,DD,,,,NA
4,Crocidura_russula,Crocidura_russula,cold_s10,cold_s10_1.fastq.gz,Cold,ERA19381426,2019/11/11,Spain,43.2848° N,2.1714° W,,,Faeces,NA
5,Crocidura_russula,Crocidura_russula,cold_s10,cold_s10_2.fastq.gz,Cold,ERA19381426,2019/11/11,Spain,43.2848° N,2.1714° W,,,Faeces,NA
6,Crocidura_russula,Crocidura_russula,cold_s11,cold_s11_1.fastq.gz,Cold,ERA19381426,2019/11/11,Spain,43.2848° N,2.1714° W,,,Faeces,NA
7,Crocidura_russula,Crocidura_russula,cold_s11,cold_s11_2.fastq.gz,Cold,ERA19381426,2019/11/11,Spain,43.2848° N,2.1714° W,,,Faeces,NA
8,Crocidura_russula,Crocidura_russula,cold_s12,cold_s12_1.fastq.gz,Cold,ERA19381426,2019/11/11,Spain,43.2848° N,2.1714° W,,,Faeces,NA
9,Crocidura_russula,Crocidura_russula,cold_s12,cold_s12_2.fastq.gz,Cold,ERA19381426,2019/11/11,Spain,43.2848° N,2.1714° W,,,Faeces,NA
10,Crocidura_russula,Crocidura_russula,cold_s13,cold_s13_1.fastq.gz,Cold,ERA19381426,2019/11/11,Spain,43.2848° N,2.1714° W,,,Faeces,NA
11,Crocidura_russula,Crocidura_russula,cold_s13,cold_s13_2.fastq.gz,Cold,ERA19381426,2019/11/11,Spain,43.2848° N,2.1714° W,,,Faeces,NA
12,Crocidura_russula,Crocidura_russula,cold_s14,cold_s14_1.fastq.gz,Cold,ERA19381426,2019/11/11,Spain,43.2848° N,2.1714° W,,,Faeces,NA
13,Crocidura_russula,Crocidura_russula,cold_s14,cold_s14_2.fastq.gz,Cold,ERA19381426,2019/11/11,Spain,43.2848° N,2.1714° W,,,Faeces,NA
14,Crocidura_russula,Crocidura_russula,cold_s16,cold_s16_1.fastq.gz,Cold,ERA19381426,2019/11/11,Spain,43.2848° N,2.1714° W,,,Faeces,NA
15,Crocidura_russula,Crocidura_russula,cold_s16,cold_s16_2.fastq.gz,Cold,ERA19381426,2019/11/11,Spain,43.2848° N,2.1714° W,,,Faeces,NA
16,Crocidura_russula,Crocidura_russula,cold_s18,cold_s18_1.fastq.gz,Cold,ERA19381426,2019/11/11,Spain,43.2848° N,2.1714° W,,,Faeces,NA
17,Crocidura_russula,Crocidura_russula,cold_s18,cold_s18_2.fastq.gz,Cold,ERA19381426,2019/11/11,Spain,43.2848° N,2.1714° W,,,Faeces,NA
18,Crocidura_russula,Crocidura_russula,cold_s19,cold_s19_1.fastq.gz,Cold,ERA19381426,2019/11/11,Spain,43.2848° N,2.1714° W,,,Faeces,NA
19,Crocidura_russula,Crocidura_russula,cold_s19,cold_s19_2.fastq.gz,Cold,ERA19381426,2019/11/11,Spain,43.2848° N,2.1714° W,,,Faeces,NA
20,Apodemus_sylvaticus,Apodemus_sylvaticus,cold_s21,cold_s21_1.fastq.gz,Cold,ERA19381426,2019/11/11,Spain,43.2848° N,2.1714° W,,,Faeces,NA
21,Apodemus_sylvaticus,Apodemus_sylvaticus,cold_s21,cold_s21_2.fastq.gz,Cold,ERA19381426,2019/11/11,Spain,43.2848° N,2.1714° W,,,Faeces,NA
22,Apodemus_sylvaticus,Apodemus_sylvaticus,cold_s2,cold_s2_1.fastq.gz,Cold,ERA19381426,2019/11/11,Spain,43.2848° N,2.1714° W,,,Faeces,NA
23,Apodemus_sylvaticus,Apodemus_sylvaticus,cold_s22,cold_s22_1.fastq.gz,Cold,ERA19381426,2019/11/11,Spain,43.2848° N,2.1714° W,,,Faeces,NA
24,Apodemus_sylvaticus,Apodemus_sylvaticus,cold_s22,cold_s22_2.fastq.gz,Cold,ERA19381426,2019/11/11,Spain,43.2848° N,2.1714° W,,,Faeces,NA
25,Apodemus_sylvaticus,Apodemus_sylvaticus,cold_s2,cold_s2_2.fastq.gz,Cold,ERA19381426,2019/11/11,Spain,43.2848° N,2.1714° W,,,Faeces,NA
26,Apodemus_sylvaticus,Apodemus_sylvaticus,cold_s23,cold_s23_1.fastq.gz,Cold,ERA19381426,2019/11/11,Spain,43.2848° N,2.1714° W,,,Faeces,NA
27,Apodemus_sylvaticus,Apodemus_sylvaticus,cold_s23,cold_s23_2.fastq.gz,Cold,ERA19381426,2019/11/11,Spain,43.2848° N,2.1714° W,,,Faeces,NA
28,Apodemus_sylvaticus,Apodemus_sylvaticus,cold_s24,cold_s24_1.fastq.gz,Cold,ERA19381426,2019/11/11,Spain,43.2848° N,2.1714° W,,,Faeces,NA
29,Apodemus_sylvaticus,Apodemus_sylvaticus,cold_s24,cold_s24_2.fastq.gz,Cold,ERA19381426,2019/11/11,Spain,43.2848° N,2.1714° W,,,Faeces,NA
30,Apodemus_sylvaticus,Apodemus_sylvaticus,cold_s27,cold_s27_1.fastq.gz,Cold,ERA19381426,2019/11/11,Spain,43.2848° N,2.1714° W,,,Faeces,NA
31,Apodemus_sylvaticus,Apodemus_sylvaticus,cold_s27,cold_s27_2.fastq.gz,Cold,ERA19381426,2019/11/11,Spain,43.2848° N,2.1714° W,,,Faeces,NA
32,Apodemus_sylvaticus,Apodemus_sylvaticus,cold_s28,cold_s28_1.fastq.gz,Cold,ERA19381426,2019/11/11,Spain,43.2848° N,2.1714° W,,,Faeces,NA
33,Apodemus_sylvaticus,Apodemus_sylvaticus,cold_s28,cold_s28_2.fastq.gz,Cold,ERA19381426,2019/11/11,Spain,43.2848° N,2.1714° W,,,Faeces,NA
34,Apodemus_sylvaticus,Apodemus_sylvaticus,cold_s31,cold_s31_1.fastq.gz,Cold,ERA19381426,2019/11/11,Spain,43.2848° N,2.1714° W,,,Faeces,NA
35,Apodemus_sylvaticus,Apodemus_sylvaticus,cold_s31,cold_s31_2.fastq.gz,Cold,ERA19381426,2019/11/11,Spain,43.2848° N,2.1714° W,,,Faeces,NA
36,Apodemus_sylvaticus,Apodemus_sylvaticus,cold_s3,cold_s3_1.fastq.gz,Cold,ERA19381426,2019/11/11,Spain,43.2848° N,2.1714° W,,,Faeces,NA
37,Apodemus_sylvaticus,Apodemus_sylvaticus,cold_s3,cold_s3_2.fastq.gz,Cold,ERA19381426,2019/11/11,Spain,43.2848° N,2.1714° W,,,Faeces,NA
38,Apodemus_sylvaticus,Apodemus_sylvaticus,cold_s34,cold_s34_1.fastq.gz,Cold,ERA19381426,2019/11/11,Spain,43.2848° N,2.1714° W,,,Faeces,NA
39,Apodemus_sylvaticus,Apodemus_sylvaticus,cold_s34,cold_s34_2.fastq.gz,Cold,ERA19381426,2019/11/11,Spain,43.2848° N,2.1714° W,,,Faeces,NA
40,Apodemus_sylvaticus,Apodemus_sylvaticus,cold_s35,cold_s35_1.fastq.gz,Cold,ERA19381426,2019/11/11,Spain,43.2848° N,2.1714° W,,,Faeces,NA
41,Apodemus_sylvaticus,Apodemus_sylvaticus,cold_s35,cold_s35_2.fastq.gz,Cold,ERA19381426,2019/11/11,Spain,43.2848° N,2.1714° W,,,Faeces,NA
42,Apodemus_sylvaticus,Apodemus_sylvaticus,cold_s36,cold_s36_1.fastq.gz,Cold,ERA19381426,2019/11/11,Spain,43.2848° N,2.1714° W,,,Faeces,NA
43,Apodemus_sylvaticus,Apodemus_sylvaticus,cold_s36,cold_s36_2.fastq.gz,Cold,ERA19381426,2019/11/11,Spain,43.2848° N,2.1714° W,,,Faeces,NA
44,Apodemus_sylvaticus,Apodemus_sylvaticus,cold_s4,cold_s4_1.fastq.gz,Cold,ERA19381426,2019/11/11,Spain,43.2848° N,2.1714° W,,,Faeces,NA
45,Apodemus_sylvaticus,Apodemus_sylvaticus,cold_s4,cold_s4_2.fastq.gz,Cold,ERA19381426,2019/11/11,Spain,43.2848° N,2.1714° W,,,Faeces,NA
46,Apodemus_sylvaticus,Apodemus_sylvaticus,cold_s5,cold_s5_1.fastq.gz,Cold,ERA19381426,2019/11/11,Spain,43.2848° N,2.1714° W,,,Faeces,NA
47,Apodemus_sylvaticus,Apodemus_sylvaticus,cold_s5,cold_s5_2.fastq.gz,Cold,ERA19381426,2019/11/11,Spain,43.2848° N,2.1714° W,,,Faeces,NA
48,Apodemus_sylvaticus,Apodemus_sylvaticus,cold_s6,cold_s6_1.fastq.gz,Cold,ERA19381426,2019/11/11,Spain,43.2848° N,2.1714° W,,,Faeces,NA
49,Apodemus_sylvaticus,Apodemus_sylvaticus,cold_s6,cold_s6_2.fastq.gz,Cold,ERA19381426,2019/11/11,Spain,43.2848° N,2.1714° W,,,Faeces,NA
50,Crocidura_russula,Crocidura_russula,cold_s9,cold_s9_1.fastq.gz,Cold,ERA19381426,2019/11/11,Spain,43.2848° N,2.1714° W,,,Faeces,NA
51,Crocidura_russula,Crocidura_russula,cold_s9,cold_s9_2.fastq.gz,Cold,ERA19381426,2019/11/11,Spain,43.2848° N,2.1714° W,,,Faeces,NA
52,Crocidura_russula,Crocidura_russula,diet_s10,diet_s10_1.fastq.gz,Diet,ERA19381426,2019/11/23,Spain,43.2848° N,2.1714° W,,,Faeces,NA
53,Crocidura_russula,Crocidura_russula,diet_s10,diet_s10_2.fastq.gz,Diet,ERA19381426,2019/11/23,Spain,43.2848° N,2.1714° W,,,Faeces,NA
54,Crocidura_russula,Crocidura_russula,diet_s11,diet_s11_1.fastq.gz,Diet,ERA19381426,2019/11/23,Spain,43.2848° N,2.1714° W,,,Faeces,NA
55,Crocidura_russula,Crocidura_russula,diet_s11,diet_s11_2.fastq.gz,Diet,ERA19381426,2019/11/23,Spain,43.2848° N,2.1714° W,,,Faeces,NA
56,Crocidura_russula,Crocidura_russula,diet_s12,diet_s12_1.fastq.gz,Diet,ERA19381426,2019/11/23,Spain,43.2848° N,2.1714° W,,,Faeces,NA
57,Crocidura_russula,Crocidura_russula,Diet_s12,Diet_s12_1.fastq.gz,NA,ERA19381426,NA,Spain,43.2848° N,2.1714° W,,,Faeces,NA
58,Crocidura_russula,Crocidura_russula,diet_s12,diet_s12_2.fastq.gz,Diet,ERA19381426,2019/11/23,Spain,43.2848° N,2.1714° W,,,Faeces,NA
59,Crocidura_russula,Crocidura_russula,Diet_s12,Diet_s12_2.fastq.gz,NA,ERA19381426,NA,Spain,43.2848° N,2.1714° W,,,Faeces,NA
60,Crocidura_russula,Crocidura_russula,diet_s13,diet_s13_1.fastq.gz,Diet,ERA19381426,2019/11/23,Spain,43.2848° N,2.1714° W,,,Faeces,NA
61,Crocidura_russula,Crocidura_russula,diet_s13,diet_s13_2.fastq.gz,Diet,ERA19381426,2019/11/23,Spain,43.2848° N,2.1714° W,,,Faeces,NA
62,Crocidura_russula,Crocidura_russula,diet_s14,diet_s14_1.fastq.gz,Diet,ERA19381426,2019/11/23,Spain,43.2848° N,2.1714° W,,,Faeces,NA
63,Crocidura_russula,Crocidura_russula,diet_s14,diet_s14_2.fastq.gz,Diet,ERA19381426,2019/11/23,Spain,43.2848° N,2.1714° W,,,Faeces,NA
64,Crocidura_russula,Crocidura_russula,diet_s16,diet_s16_1.fastq.gz,Diet,ERA19381426,2019/11/23,Spain,43.2848° N,2.1714° W,,,Faeces,NA
65,Crocidura_russula,Crocidura_russula,diet_s16,diet_s16_2.fastq.gz,Diet,ERA19381426,2019/11/23,Spain,43.2848° N,2.1714° W,,,Faeces,NA
66,Crocidura_russula,Crocidura_russula,diet_s18,diet_s18_1.fastq.gz,Diet,ERA19381426,2019/11/23,Spain,43.2848° N,2.1714° W,,,Faeces,NA
67,Crocidura_russula,Crocidura_russula,diet_s18,diet_s18_2.fastq.gz,Diet,ERA19381426,2019/11/23,Spain,43.2848° N,2.1714° W,,,Faeces,NA
68,Crocidura_russula,Crocidura_russula,diet_s19,diet_s19_1.fastq.gz,Diet,ERA19381426,2019/11/23,Spain,43.2848° N,2.1714° W,,,Faeces,NA
69,Crocidura_russula,Crocidura_russula,diet_s19,diet_s19_2.fastq.gz,Diet,ERA19381426,2019/11/23,Spain,43.2848° N,2.1714° W,,,Faeces,NA
70,Apodemus_sylvaticus,Apodemus_sylvaticus,diet_s2,diet_s2_1.fastq.gz,Diet,ERA19381426,2019/11/23,Spain,43.2848° N,2.1714° W,,,Faeces,NA
71,Apodemus_sylvaticus,Apodemus_sylvaticus,diet_s2,diet_s2_2.fastq.gz,Diet,ERA19381426,2019/11/23,Spain,43.2848° N,2.1714° W,,,Faeces,NA
72,Apodemus_sylvaticus,Apodemus_sylvaticus,diet_s23,diet_s23_1.fastq.gz,Diet,ERA19381426,2019/11/23,Spain,43.2848° N,2.1714° W,,,Faeces,NA
73,Apodemus_sylvaticus,Apodemus_sylvaticus,diet_s23,diet_s23_2.fastq.gz,Diet,ERA19381426,2019/11/23,Spain,43.2848° N,2.1714° W,,,Faeces,NA
74,Apodemus_sylvaticus,Apodemus_sylvaticus,diet_s24,diet_s24_1.fastq.gz,Diet,ERA19381426,2019/11/23,Spain,43.2848° N,2.1714° W,,,Faeces,NA
75,Apodemus_sylvaticus,Apodemus_sylvaticus,diet_s24,diet_s24_2.fastq.gz,Diet,ERA19381426,2019/11/23,Spain,43.2848° N,2.1714° W,,,Faeces,NA
76,Apodemus_sylvaticus,Apodemus_sylvaticus,diet_s28,diet_s28_1.fastq.gz,Diet,ERA19381426,2019/11/23,Spain,43.2848° N,2.1714° W,,,Faeces,NA
77,Apodemus_sylvaticus,Apodemus_sylvaticus,diet_s28,diet_s28_2.fastq.gz,Diet,ERA19381426,2019/11/23,Spain,43.2848° N,2.1714° W,,,Faeces,NA
78,Apodemus_sylvaticus,Apodemus_sylvaticus,diet_s31,diet_s31_1.fastq.gz,Diet,ERA19381426,2019/11/23,Spain,43.2848° N,2.1714° W,,,Faeces,NA
79,Apodemus_sylvaticus,Apodemus_sylvaticus,diet_s31,diet_s31_2.fastq.gz,Diet,ERA19381426,2019/11/23,Spain,43.2848° N,2.1714° W,,,Faeces,NA
80,Apodemus_sylvaticus,Apodemus_sylvaticus,diet_s34,diet_s34_1.fastq.gz,Diet,ERA19381426,2019/11/23,Spain,43.2848° N,2.1714° W,,,Faeces,NA
81,Apodemus_sylvaticus,Apodemus_sylvaticus,diet_s34,diet_s34_2.fastq.gz,Diet,ERA19381426,2019/11/23,Spain,43.2848° N,2.1714° W,,,Faeces,NA
82,Apodemus_sylvaticus,Apodemus_sylvaticus,diet_s35,diet_s35_1.fastq.gz,Diet,ERA19381426,2019/11/23,Spain,43.2848° N,2.1714° W,,,Faeces,NA
83,Apodemus_sylvaticus,Apodemus_sylvaticus,diet_s35,diet_s35_2.fastq.gz,Diet,ERA19381426,2019/11/23,Spain,43.2848° N,2.1714° W,,,Faeces,NA
84,Apodemus_sylvaticus,Apodemus_sylvaticus,diet_s36,diet_s36_1.fastq.gz,Diet,ERA19381426,2019/11/23,Spain,43.2848° N,2.1714° W,,,Faeces,NA
85,Apodemus_sylvaticus,Apodemus_sylvaticus,diet_s36,diet_s36_2.fastq.gz,Diet,ERA19381426,2019/11/23,Spain,43.2848° N,2.1714° W,,,Faeces,NA
86,Apodemus_sylvaticus,Apodemus_sylvaticus,diet_s5,diet_s5_1.fastq.gz,Diet,ERA19381426,2019/11/23,Spain,43.2848° N,2.1714° W,,,Faeces,NA
87,Apodemus_sylvaticus,Apodemus_sylvaticus,diet_s5,diet_s5_2.fastq.gz,Diet,ERA19381426,2019/11/23,Spain,43.2848° N,2.1714° W,,,Faeces,NA
88,Apodemus_sylvaticus,Apodemus_sylvaticus,diet_s6,diet_s6_1.fastq.gz,Diet,ERA19381426,2019/11/23,Spain,43.2848° N,2.1714° W,,,Faeces,NA
89,Apodemus_sylvaticus,Apodemus_sylvaticus,diet_s6,diet_s6_2.fastq.gz,Diet,ERA19381426,2019/11/23,Spain,43.2848° N,2.1714° W,,,Faeces,NA
90,Crocidura_russula,Crocidura_russula,diet_s9,diet_s9_1.fastq.gz,Diet,ERA19381426,2019/11/23,Spain,43.2848° N,2.1714° W,,,Faeces,NA
91,Crocidura_russula,Crocidura_russula,diet_s9,diet_s9_2.fastq.gz,Diet,ERA19381426,2019/11/23,Spain,43.2848° N,2.1714° W,,,Faeces,NA
92,Control,Control,Extractioncontrol1,Extractioncontrol1_1.fastq.gz,NA,ERA19381426,NA,Spain,43.2848° N,2.1714° W,,,Faeces,NA
93,Control,Control,Extractioncontrol1,Extractioncontrol1_2.fastq.gz,NA,ERA19381426,NA,Spain,43.2848° N,2.1714° W,,,Faeces,NA
94,Control,Control,extraction_control_pool2,extraction_control_pool2_1.fastq.gz,NA,ERA19381426,NA,Spain,43.2848° N,2.1714° W,,,Faeces,NA
95,Control,Control,extraction_control_pool2,extraction_control_pool2_2.fastq.gz,NA,ERA19381426,NA,Spain,43.2848° N,2.1714° W,,,Faeces,NA
96,Control,Control,Extraction_control_pool3_4_R1,Extraction_control_pool3_4_R1_1.fastq.gz,NA,ERA19381426,NA,Spain,43.2848° N,2.1714° W,,,Faeces,NA
97,Control,Control,Extraction_control_pool3_4_R1,Extraction_control_pool3_4_R1_2.fastq.gz,NA,ERA19381426,NA,Spain,43.2848° N,2.1714° W,,,Faeces,NA
98,Control,Control,Extraction_control_pool3_4_R2,Extraction_control_pool3_4_R2_1.fastq.gz,NA,ERA19381426,NA,Spain,43.2848° N,2.1714° W,,,Faeces,NA
99,Control,Control,Extraction_control_pool3_4_R2,Extraction_control_pool3_4_R2_2.fastq.gz,NA,ERA19381426,NA,Spain,43.2848° N,2.1714° W,,,Faeces,NA
100,Control,Control,Extractioncontrol_pool5,Extractioncontrol_pool5_1.fastq.gz,NA,ERA19381426,NA,Spain,43.2848° N,2.1714° W,,,Faeces,NA
101,Control,Control,Extractioncontrol_pool5,Extractioncontrol_pool5_2.fastq.gz,NA,ERA19381426,NA,Spain,43.2848° N,2.1714° W,,,Faeces,NA
102,Control,Control,Extraction_control_pool6_r1,Extraction_control_pool6_r1_1.fastq.gz,NA,ERA19381426,NA,Spain,43.2848° N,2.1714° W,,,Faeces,NA
103,Control,Control,Extraction_control_pool6_r1,Extraction_control_pool6_r1_2.fastq.gz,NA,ERA19381426,NA,Spain,43.2848° N,2.1714° W,,,Faeces,NA
104,Control,Control,Extraction_control_pool6_r2,Extraction_control_pool6_r2_1.fastq.gz,NA,ERA19381426,NA,Spain,43.2848° N,2.1714° W,,,Faeces,NA
105,Control,Control,Extraction_control_pool6_r2,Extraction_control_pool6_r2_2.fastq.gz,NA,ERA19381426,NA,Spain,43.2848° N,2.1714° W,,,Faeces,NA
106,Control,Control,Extraction_control_pool7,Extraction_control_pool7_1.fastq.gz,NA,ERA19381426,NA,Spain,43.2848° N,2.1714° W,,,Faeces,NA
107,Control,Control,Extraction_control_pool7,Extraction_control_pool7_2.fastq.gz,NA,ERA19381426,NA,Spain,43.2848° N,2.1714° W,,,Faeces,NA
108,Control,Control,Extraction_control_pool8,Extraction_control_pool8_1.fastq.gz,NA,ERA19381426,NA,Spain,43.2848° N,2.1714° W,,,Faeces,NA
109,Control,Control,Extraction_control_pool8,Extraction_control_pool8_2.fastq.gz,NA,ERA19381426,NA,Spain,43.2848° N,2.1714° W,,,Faeces,NA
110,Control,Control,Extraction_control_pool9_r1,Extraction_control_pool9_r1_1.fastq.gz,NA,ERA19381426,NA,Spain,43.2848° N,2.1714° W,,,Faeces,NA
111,Control,Control,Extraction_control_pool9_r1,Extraction_control_pool9_r1_2.fastq.gz,NA,ERA19381426,NA,Spain,43.2848° N,2.1714° W,,,Faeces,NA
112,Control,Control,Extraction_control_pool9_r2,Extraction_control_pool9_r2_1.fastq.gz,NA,ERA19381426,NA,Spain,43.2848° N,2.1714° W,,,Faeces,NA
113,Control,Control,Extraction_control_pool9_r2,Extraction_control_pool9_r2_2.fastq.gz,NA,ERA19381426,NA,Spain,43.2848° N,2.1714° W,,,Faeces,NA
114,Crocidura_russula,Crocidura_russula,heat_s10,heat_s10_1.fastq.gz,Heat,ERA19381426,2019/10/28,Spain,43.2848° N,2.1714° W,,,Faeces,NA
115,Crocidura_russula,Crocidura_russula,heat_s10,heat_s10_2.fastq.gz,Heat,ERA19381426,2019/10/28,Spain,43.2848° N,2.1714° W,,,Faeces,NA
116,Crocidura_russula,Crocidura_russula,heat_s11,heat_s11_1.fastq.gz,Heat,ERA19381426,2019/10/28,Spain,43.2848° N,2.1714° W,,,Faeces,NA
117,Crocidura_russula,Crocidura_russula,heat_s11,heat_s11_2.fastq.gz,Heat,ERA19381426,2019/10/28,Spain,43.2848° N,2.1714° W,,,Faeces,NA
118,Crocidura_russula,Crocidura_russula,heat_s12,heat_s12_1.fastq.gz,Heat,ERA19381426,2019/10/28,Spain,43.2848° N,2.1714° W,,,Faeces,NA
119,Crocidura_russula,Crocidura_russula,heat_s12,heat_s12_2.fastq.gz,Heat,ERA19381426,2019/10/28,Spain,43.2848° N,2.1714° W,,,Faeces,NA
120,Crocidura_russula,Crocidura_russula,Heat_s13,Heat_s13_1.fastq.gz,Heat,ERA19381426,2019/10/28,Spain,43.2848° N,2.1714° W,,,Faeces,NA
121,Crocidura_russula,Crocidura_russula,Heat_s13,Heat_s13_2.fastq.gz,Heat,ERA19381426,2019/10/28,Spain,43.2848° N,2.1714° W,,,Faeces,NA
122,Crocidura_russula,Crocidura_russula,heat_s14,heat_s14_1.fastq.gz,Heat,ERA19381426,2019/10/28,Spain,43.2848° N,2.1714° W,,,Faeces,NA
123,Crocidura_russula,Crocidura_russula,heat_s14,heat_s14_2.fastq.gz,Heat,ERA19381426,2019/10/28,Spain,43.2848° N,2.1714° W,,,Faeces,NA
124,Crocidura_russula,Crocidura_russula,heat_s16,heat_s16_1.fastq.gz,Heat,ERA19381426,2019/10/28,Spain,43.2848° N,2.1714° W,,,Faeces,NA
125,Crocidura_russula,Crocidura_russula,heat_s16,heat_s16_2.fastq.gz,Heat,ERA19381426,2019/10/28,Spain,43.2848° N,2.1714° W,,,Faeces,NA
126,Crocidura_russula,Crocidura_russula,heat_s18,heat_s18_1.fastq.gz,Heat,ERA19381426,2019/10/28,Spain,43.2848° N,2.1714° W,,,Faeces,NA
127,Crocidura_russula,Crocidura_russula,heat_s18,heat_s18_2.fastq.gz,Heat,ERA19381426,2019/10/28,Spain,43.2848° N,2.1714° W,,,Faeces,NA
128,Crocidura_russula,Crocidura_russula,heat_s19,heat_s19_1.fastq.gz,Heat,ERA19381426,2019/10/28,Spain,43.2848° N,2.1714° W,,,Faeces,NA
129,Crocidura_russula,Crocidura_russula,heat_s19,heat_s19_2.fastq.gz,Heat,ERA19381426,2019/10/28,Spain,43.2848° N,2.1714° W,,,Faeces,NA
130,Apodemus_sylvaticus,Apodemus_sylvaticus,Heat_s21,Heat_s21_1.fastq.gz,Heat,ERA19381426,2019/10/28,Spain,43.2848° N,2.1714° W,,,Faeces,NA
131,Apodemus_sylvaticus,Apodemus_sylvaticus,Heat_s21,Heat_s21_2.fastq.gz,Heat,ERA19381426,2019/10/28,Spain,43.2848° N,2.1714° W,,,Faeces,NA
132,Apodemus_sylvaticus,Apodemus_sylvaticus,Heat_s2,Heat_s2_1.fastq.gz,Heat,ERA19381426,2019/10/28,Spain,43.2848° N,2.1714° W,,,Faeces,NA
133,Apodemus_sylvaticus,Apodemus_sylvaticus,Heat_s22,Heat_s22_1.fastq.gz,Heat,ERA19381426,2019/10/28,Spain,43.2848° N,2.1714° W,,,Faeces,NA
134,Apodemus_sylvaticus,Apodemus_sylvaticus,Heat_s22,Heat_s22_2.fastq.gz,Heat,ERA19381426,2019/10/28,Spain,43.2848° N,2.1714° W,,,Faeces,NA
135,Apodemus_sylvaticus,Apodemus_sylvaticus,Heat_s2,Heat_s2_2.fastq.gz,Heat,ERA19381426,2019/10/28,Spain,43.2848° N,2.1714° W,,,Faeces,NA
136,Apodemus_sylvaticus,Apodemus_sylvaticus,heat_s23,heat_s23_1.fastq.gz,Heat,ERA19381426,2019/10/28,Spain,43.2848° N,2.1714° W,,,Faeces,NA
137,Apodemus_sylvaticus,Apodemus_sylvaticus,heat_s23,heat_s23_2.fastq.gz,Heat,ERA19381426,2019/10/28,Spain,43.2848° N,2.1714° W,,,Faeces,NA
138,Apodemus_sylvaticus,Apodemus_sylvaticus,heat_s24,heat_s24_1.fastq.gz,Heat,ERA19381426,2019/10/28,Spain,43.2848° N,2.1714° W,,,Faeces,NA
139,Apodemus_sylvaticus,Apodemus_sylvaticus,Heat_s24,Heat_s24_1.fastq.gz,Heat,ERA19381426,2019/10/28,Spain,43.2848° N,2.1714° W,,,Faeces,NA
140,Apodemus_sylvaticus,Apodemus_sylvaticus,heat_s24,heat_s24_2.fastq.gz,Heat,ERA19381426,2019/10/28,Spain,43.2848° N,2.1714° W,,,Faeces,NA
141,Apodemus_sylvaticus,Apodemus_sylvaticus,Heat_s24,Heat_s24_2.fastq.gz,Heat,ERA19381426,2019/10/28,Spain,43.2848° N,2.1714° W,,,Faeces,NA
142,Apodemus_sylvaticus,Apodemus_sylvaticus,heat_s27,heat_s27_1.fastq.gz,Heat,ERA19381426,2019/10/28,Spain,43.2848° N,2.1714° W,,,Faeces,NA
143,Apodemus_sylvaticus,Apodemus_sylvaticus,heat_s27,heat_s27_2.fastq.gz,Heat,ERA19381426,2019/10/28,Spain,43.2848° N,2.1714° W,,,Faeces,NA
144,Apodemus_sylvaticus,Apodemus_sylvaticus,Heat_s28,Heat_s28_1.fastq.gz,Heat,ERA19381426,2019/10/28,Spain,43.2848° N,2.1714° W,,,Faeces,NA
145,Apodemus_sylvaticus,Apodemus_sylvaticus,Heat_s28,Heat_s28_2.fastq.gz,Heat,ERA19381426,2019/10/28,Spain,43.2848° N,2.1714° W,,,Faeces,NA
146,Apodemus_sylvaticus,Apodemus_sylvaticus,heat_s31,heat_s31_1.fastq.gz,Heat,ERA19381426,2019/10/28,Spain,43.2848° N,2.1714° W,,,Faeces,NA
147,Apodemus_sylvaticus,Apodemus_sylvaticus,heat_s31,heat_s31_2.fastq.gz,Heat,ERA19381426,2019/10/28,Spain,43.2848° N,2.1714° W,,,Faeces,NA
148,Apodemus_sylvaticus,Apodemus_sylvaticus,heat_s3,heat_s3_1.fastq.gz,Heat,ERA19381426,2019/10/28,Spain,43.2848° N,2.1714° W,,,Faeces,NA
149,Apodemus_sylvaticus,Apodemus_sylvaticus,heat_s3,heat_s3_2.fastq.gz,Heat,ERA19381426,2019/10/28,Spain,43.2848° N,2.1714° W,,,Faeces,NA
150,Apodemus_sylvaticus,Apodemus_sylvaticus,heat_s35,heat_s35_1.fastq.gz,Heat,ERA19381426,2019/10/28,Spain,43.2848° N,2.1714° W,,,Faeces,NA
151,Apodemus_sylvaticus,Apodemus_sylvaticus,heat_s35,heat_s35_2.fastq.gz,Heat,ERA19381426,2019/10/28,Spain,43.2848° N,2.1714° W,,,Faeces,NA
152,Apodemus_sylvaticus,Apodemus_sylvaticus,heat_s36,heat_s36_1.fastq.gz,Heat,ERA19381426,2019/10/28,Spain,43.2848° N,2.1714° W,,,Faeces,NA
153,Apodemus_sylvaticus,Apodemus_sylvaticus,heat_s36,heat_s36_2.fastq.gz,Heat,ERA19381426,2019/10/28,Spain,43.2848° N,2.1714° W,,,Faeces,NA
154,Apodemus_sylvaticus,Apodemus_sylvaticus,heat_s4,heat_s4_1.fastq.gz,Heat,ERA19381426,2019/10/28,Spain,43.2848° N,2.1714° W,,,Faeces,NA
155,Apodemus_sylvaticus,Apodemus_sylvaticus,heat_s4,heat_s4_2.fastq.gz,Heat,ERA19381426,2019/10/28,Spain,43.2848° N,2.1714° W,,,Faeces,NA
156,Apodemus_sylvaticus,Apodemus_sylvaticus,heat_s5,heat_s5_1.fastq.gz,Heat,ERA19381426,2019/10/28,Spain,43.2848° N,2.1714° W,,,Faeces,NA
157,Apodemus_sylvaticus,Apodemus_sylvaticus,heat_s5,heat_s5_2.fastq.gz,Heat,ERA19381426,2019/10/28,Spain,43.2848° N,2.1714° W,,,Faeces,NA
158,Apodemus_sylvaticus,Apodemus_sylvaticus,Heat_s6,Heat_s6_1.fastq.gz,Heat,ERA19381426,2019/10/28,Spain,43.2848° N,2.1714° W,,,Faeces,NA
159,Apodemus_sylvaticus,Apodemus_sylvaticus,Heat_s6,Heat_s6_2.fastq.gz,Heat,ERA19381426,2019/10/28,Spain,43.2848° N,2.1714° W,,,Faeces,NA
160,Crocidura_russula,Crocidura_russula,Heat_s9,Heat_s9_1.fastq.gz,Heat,ERA19381426,2019/10/28,Spain,43.2848° N,2.1714° W,,,Faeces,NA
161,Crocidura_russula,Crocidura_russula,Heat_s9,Heat_s9_2.fastq.gz,Heat,ERA19381426,2019/10/28,Spain,43.2848° N,2.1714° W,,,Faeces,NA
162,Apodemus_sylvaticus,Apodemus_sylvaticus,m10_cold,m10_cold_1.fastq.gz,Cold,ERA19381426,2019/11/11,Spain,43.2848° N,2.1714° W,,,Faeces,NA
163,Apodemus_sylvaticus,Apodemus_sylvaticus,m10_cold,m10_cold_2.fastq.gz,Cold,ERA19381426,2019/11/11,Spain,43.2848° N,2.1714° W,,,Faeces,NA
164,Apodemus_sylvaticus,Apodemus_sylvaticus,m10_diet,m10_diet_1.fastq.gz,Diet,ERA19381426,2019/11/23,Spain,43.2848° N,2.1714° W,,,Faeces,NA
165,Apodemus_sylvaticus,Apodemus_sylvaticus,m10_diet,m10_diet_2.fastq.gz,Diet,ERA19381426,2019/11/23,Spain,43.2848° N,2.1714° W,,,Faeces,NA
166,Apodemus_sylvaticus,Apodemus_sylvaticus,m10_heat,m10_heat_1.fastq.gz,Heat,ERA19381426,2019/10/28,Spain,43.2848° N,2.1714° W,,,Faeces,NA
167,Apodemus_sylvaticus,Apodemus_sylvaticus,m10_heat,m10_heat_2.fastq.gz,Heat,ERA19381426,2019/10/28,Spain,43.2848° N,2.1714° W,,,Faeces,NA
168,Apodemus_sylvaticus,Apodemus_sylvaticus,m10_post,m10_post_1.fastq.gz,Acclimation,ERA19381426,2019/10/16,Spain,43.2848° N,2.1714° W,,,Faeces,NA
169,Apodemus_sylvaticus,Apodemus_sylvaticus,m10_post,m10_post_2.fastq.gz,Acclimation,ERA19381426,2019/10/16,Spain,43.2848° N,2.1714° W,,,Faeces,NA
170,Apodemus_sylvaticus,Apodemus_sylvaticus,m10_pre,m10_pre_1.fastq.gz,Day1,ERA19381426,2019/10/09,Spain,43.2848° N,2.1714° W,,,Faeces,NA
171,Apodemus_sylvaticus,Apodemus_sylvaticus,m10_pre,m10_pre_2.fastq.gz,Day1,ERA19381426,2019/10/09,Spain,43.2848° N,2.1714° W,,,Faeces,NA
172,Apodemus_sylvaticus,Apodemus_sylvaticus,m11_cold,m11_cold_1.fastq.gz,Cold,ERA19381426,2019/11/11,Spain,43.2848° N,2.1714° W,,,Faeces,NA
173,Apodemus_sylvaticus,Apodemus_sylvaticus,m11_cold,m11_cold_2.fastq.gz,Cold,ERA19381426,2019/11/11,Spain,43.2848° N,2.1714° W,,,Faeces,NA
174,Apodemus_sylvaticus,Apodemus_sylvaticus,m11_diet,m11_diet_1.fastq.gz,Diet,ERA19381426,2019/11/23,Spain,43.2848° N,2.1714° W,,,Faeces,NA
175,Apodemus_sylvaticus,Apodemus_sylvaticus,m11_diet,m11_diet_2.fastq.gz,Diet,ERA19381426,2019/11/23,Spain,43.2848° N,2.1714° W,,,Faeces,NA
176,Apodemus_sylvaticus,Apodemus_sylvaticus,m11_heat,m11_heat_1.fastq.gz,Heat,ERA19381426,2019/10/28,Spain,43.2848° N,2.1714° W,,,Faeces,NA
177,Apodemus_sylvaticus,Apodemus_sylvaticus,m11_heat,m11_heat_2.fastq.gz,Heat,ERA19381426,2019/10/28,Spain,43.2848° N,2.1714° W,,,Faeces,NA
178,Apodemus_sylvaticus,Apodemus_sylvaticus,m11_post,m11_post_1.fastq.gz,Acclimation,ERA19381426,2019/10/16,Spain,43.2848° N,2.1714° W,,,Faeces,NA
179,Apodemus_sylvaticus,Apodemus_sylvaticus,m11_post,m11_post_2.fastq.gz,Acclimation,ERA19381426,2019/10/16,Spain,43.2848° N,2.1714° W,,,Faeces,NA
180,Apodemus_sylvaticus,Apodemus_sylvaticus,m11_pre,m11_pre_1.fastq.gz,Day1,ERA19381426,2019/10/09,Spain,43.2848° N,2.1714° W,,,Faeces,NA
181,Apodemus_sylvaticus,Apodemus_sylvaticus,m11_pre,m11_pre_2.fastq.gz,Day1,ERA19381426,2019/10/09,Spain,43.2848° N,2.1714° W,,,Faeces,NA
182,Apodemus_sylvaticus,Apodemus_sylvaticus,m12_diet,m12_diet_1.fastq.gz,Diet,ERA19381426,2019/11/23,Spain,43.2848° N,2.1714° W,,,Faeces,NA
183,Apodemus_sylvaticus,Apodemus_sylvaticus,m12_diet,m12_diet_2.fastq.gz,Diet,ERA19381426,2019/11/23,Spain,43.2848° N,2.1714° W,,,Faeces,NA
184,Apodemus_sylvaticus,Apodemus_sylvaticus,m12_heat,m12_heat_1.fastq.gz,Heat,ERA19381426,2019/10/28,Spain,43.2848° N,2.1714° W,,,Faeces,NA
185,Apodemus_sylvaticus,Apodemus_sylvaticus,m12_heat,m12_heat_2.fastq.gz,Heat,ERA19381426,2019/10/28,Spain,43.2848° N,2.1714° W,,,Faeces,NA
186,Apodemus_sylvaticus,Apodemus_sylvaticus,m12_post,m12_post_1.fastq.gz,Acclimation,ERA19381426,2019/10/16,Spain,43.2848° N,2.1714° W,,,Faeces,NA
187,Apodemus_sylvaticus,Apodemus_sylvaticus,m12_post,m12_post_2.fastq.gz,Acclimation,ERA19381426,2019/10/16,Spain,43.2848° N,2.1714° W,,,Faeces,NA
188,Apodemus_sylvaticus,Apodemus_sylvaticus,m12_pre,m12_pre_1.fastq.gz,Day1,ERA19381426,2019/10/09,Spain,43.2848° N,2.1714° W,,,Faeces,NA
189,Apodemus_sylvaticus,Apodemus_sylvaticus,m12_pre,m12_pre_2.fastq.gz,Day1,ERA19381426,2019/10/09,Spain,43.2848° N,2.1714° W,,,Faeces,NA
190,Apodemus_sylvaticus,Apodemus_sylvaticus,m13_cold,m13_cold_1.fastq.gz,Cold,ERA19381426,2019/11/11,Spain,43.2848° N,2.1714° W,,,Faeces,NA
191,Apodemus_sylvaticus,Apodemus_sylvaticus,m13_cold,m13_cold_2.fastq.gz,Cold,ERA19381426,2019/11/11,Spain,43.2848° N,2.1714° W,,,Faeces,NA
192,Apodemus_sylvaticus,Apodemus_sylvaticus,m13_diet,m13_diet_1.fastq.gz,Diet,ERA19381426,2019/11/23,Spain,43.2848° N,2.1714° W,,,Faeces,NA
193,Apodemus_sylvaticus,Apodemus_sylvaticus,m13_diet,m13_diet_2.fastq.gz,Diet,ERA19381426,2019/11/23,Spain,43.2848° N,2.1714° W,,,Faeces,NA
194,Apodemus_sylvaticus,Apodemus_sylvaticus,m13_heat,m13_heat_1.fastq.gz,Heat,ERA19381426,2019/10/28,Spain,43.2848° N,2.1714° W,,,Faeces,NA
195,Apodemus_sylvaticus,Apodemus_sylvaticus,m13_heat,m13_heat_2.fastq.gz,Heat,ERA19381426,2019/10/28,Spain,43.2848° N,2.1714° W,,,Faeces,NA
196,Apodemus_sylvaticus,Apodemus_sylvaticus,m13_post,m13_post_1.fastq.gz,Acclimation,ERA19381426,2019/10/16,Spain,43.2848° N,2.1714° W,,,Faeces,NA
197,Apodemus_sylvaticus,Apodemus_sylvaticus,m13_post,m13_post_2.fastq.gz,Acclimation,ERA19381426,2019/10/16,Spain,43.2848° N,2.1714° W,,,Faeces,NA
198,Apodemus_sylvaticus,Apodemus_sylvaticus,m13_pre,m13_pre_1.fastq.gz,Day1,ERA19381426,2019/10/09,Spain,43.2848° N,2.1714° W,,,Faeces,NA
199,Apodemus_sylvaticus,Apodemus_sylvaticus,m13_pre,m13_pre_2.fastq.gz,Day1,ERA19381426,2019/10/09,Spain,43.2848° N,2.1714° W,,,Faeces,NA
200,Apodemus_sylvaticus,Apodemus_sylvaticus,m14_cold,m14_cold_1.fastq.gz,Cold,ERA19381426,2019/11/11,Spain,43.2848° N,2.1714° W,,,Faeces,NA
201,Apodemus_sylvaticus,Apodemus_sylvaticus,m14_cold,m14_cold_2.fastq.gz,Cold,ERA19381426,2019/11/11,Spain,43.2848° N,2.1714° W,,,Faeces,NA
202,Apodemus_sylvaticus,Apodemus_sylvaticus,m14_diet,m14_diet_1.fastq.gz,Diet,ERA19381426,2019/11/23,Spain,43.2848° N,2.1714° W,,,Faeces,NA
203,Apodemus_sylvaticus,Apodemus_sylvaticus,m14_diet,m14_diet_2.fastq.gz,Diet,ERA19381426,2019/11/23,Spain,43.2848° N,2.1714° W,,,Faeces,NA
204,Apodemus_sylvaticus,Apodemus_sylvaticus,m14_heat,m14_heat_1.fastq.gz,Heat,ERA19381426,2019/10/28,Spain,43.2848° N,2.1714° W,,,Faeces,NA
205,Apodemus_sylvaticus,Apodemus_sylvaticus,m14_heat,m14_heat_2.fastq.gz,Heat,ERA19381426,2019/10/28,Spain,43.2848° N,2.1714° W,,,Faeces,NA
206,Apodemus_sylvaticus,Apodemus_sylvaticus,m14_post,m14_post_1.fastq.gz,Acclimation,ERA19381426,2019/10/16,Spain,43.2848° N,2.1714° W,,,Faeces,NA
207,Apodemus_sylvaticus,Apodemus_sylvaticus,m14_post,m14_post_2.fastq.gz,Acclimation,ERA19381426,2019/10/16,Spain,43.2848° N,2.1714° W,,,Faeces,NA
208,Apodemus_sylvaticus,Apodemus_sylvaticus,m14_pre,m14_pre_1.fastq.gz,Day1,ERA19381426,2019/10/09,Spain,43.2848° N,2.1714° W,,,Faeces,NA
209,Apodemus_sylvaticus,Apodemus_sylvaticus,m14_pre,m14_pre_2.fastq.gz,Day1,ERA19381426,2019/10/09,Spain,43.2848° N,2.1714° W,,,Faeces,NA
210,Apodemus_sylvaticus,Apodemus_sylvaticus,m15_cold,m15_cold_1.fastq.gz,Cold,ERA19381426,2019/11/11,Spain,43.2848° N,2.1714° W,,,Faeces,NA
211,Apodemus_sylvaticus,Apodemus_sylvaticus,m15_cold,m15_cold_2.fastq.gz,Cold,ERA19381426,2019/11/11,Spain,43.2848° N,2.1714° W,,,Faeces,NA
212,Apodemus_sylvaticus,Apodemus_sylvaticus,m15_diet,m15_diet_1.fastq.gz,Diet,ERA19381426,2019/11/23,Spain,43.2848° N,2.1714° W,,,Faeces,NA
213,Apodemus_sylvaticus,Apodemus_sylvaticus,m15_diet,m15_diet_2.fastq.gz,Diet,ERA19381426,2019/11/23,Spain,43.2848° N,2.1714° W,,,Faeces,NA
214,Apodemus_sylvaticus,Apodemus_sylvaticus,m15_heat,m15_heat_1.fastq.gz,Heat,ERA19381426,2019/10/28,Spain,43.2848° N,2.1714° W,,,Faeces,NA
215,Apodemus_sylvaticus,Apodemus_sylvaticus,m15_heat,m15_heat_2.fastq.gz,Heat,ERA19381426,2019/10/28,Spain,43.2848° N,2.1714° W,,,Faeces,NA
216,Apodemus_sylvaticus,Apodemus_sylvaticus,m15_post,m15_post_1.fastq.gz,Acclimation,ERA19381426,2019/10/16,Spain,43.2848° N,2.1714° W,,,Faeces,NA
217,Apodemus_sylvaticus,Apodemus_sylvaticus,m15_post,m15_post_2.fastq.gz,Acclimation,ERA19381426,2019/10/16,Spain,43.2848° N,2.1714° W,,,Faeces,NA
218,Apodemus_sylvaticus,Apodemus_sylvaticus,m15_pre,m15_pre_1.fastq.gz,Day1,ERA19381426,2019/10/09,Spain,43.2848° N,2.1714° W,,,Faeces,NA
219,Apodemus_sylvaticus,Apodemus_sylvaticus,m15_pre,m15_pre_2.fastq.gz,Day1,ERA19381426,2019/10/09,Spain,43.2848° N,2.1714° W,,,Faeces,NA
220,Apodemus_sylvaticus,Apodemus_sylvaticus,m16_cold,m16_cold_1.fastq.gz,Cold,ERA19381426,2019/11/11,Spain,43.2848° N,2.1714° W,,,Faeces,NA
221,Apodemus_sylvaticus,Apodemus_sylvaticus,m16_cold2,m16_cold2_1.fastq.gz,Cold,ERA19381426,2019/11/11,Spain,43.2848° N,2.1714° W,,,Faeces,NA
222,Apodemus_sylvaticus,Apodemus_sylvaticus,m16_cold2,m16_cold2_2.fastq.gz,Cold,ERA19381426,2019/11/11,Spain,43.2848° N,2.1714° W,,,Faeces,NA
223,Apodemus_sylvaticus,Apodemus_sylvaticus,m16_cold,m16_cold_2.fastq.gz,Cold,ERA19381426,2019/11/11,Spain,43.2848° N,2.1714° W,,,Faeces,NA
224,Apodemus_sylvaticus,Apodemus_sylvaticus,m16_diet,m16_diet_1.fastq.gz,Diet,ERA19381426,2019/11/23,Spain,43.2848° N,2.1714° W,,,Faeces,NA
225,Apodemus_sylvaticus,Apodemus_sylvaticus,m16_diet,m16_diet_2.fastq.gz,Diet,ERA19381426,2019/11/23,Spain,43.2848° N,2.1714° W,,,Faeces,NA
226,Apodemus_sylvaticus,Apodemus_sylvaticus,m16_heat,m16_heat_1.fastq.gz,Heat,ERA19381426,2019/10/28,Spain,43.2848° N,2.1714° W,,,Faeces,NA
227,Apodemus_sylvaticus,Apodemus_sylvaticus,m16_heat,m16_heat_2.fastq.gz,Heat,ERA19381426,2019/10/28,Spain,43.2848° N,2.1714° W,,,Faeces,NA
228,Apodemus_sylvaticus,Apodemus_sylvaticus,m16_post,m16_post_1.fastq.gz,Acclimation,ERA19381426,2019/10/16,Spain,43.2848° N,2.1714° W,,,Faeces,NA
,Apodemus_sylvaticus,Apodemus_sylvaticus,m16_post,m16_post_2.fastq.gz,Acclimation,ERA19381426,2019/10/16,Spain,43.2848° N,2.1714° W,,,Faeces,NA
,Apodemus_sylvaticus,Apodemus_sylvaticus,m16_pre,m16_pre_1.fastq.gz,Day1,ERA19381426,2019/10/09,Spain,43.2848° N,2.1714° W,,,Faeces,NA
,Apodemus_sylvaticus,Apodemus_sylvaticus,m16_pre,m16_pre_2.fastq.gz,Day1,ERA19381426,2019/10/09,Spain,43.2848° N,2.1714° W,,,Faeces,NA
,Apodemus_sylvaticus,Apodemus_sylvaticus,m17_cold,m17_cold_1.fastq.gz,Cold,ERA19381426,2019/11/11,Spain,43.2848° N,2.1714° W,,,Faeces,NA
,Apodemus_sylvaticus,Apodemus_sylvaticus,m17_cold,m17_cold_2.fastq.gz,Cold,ERA19381426,2019/11/11,Spain,43.2848° N,2.1714° W,,,Faeces,NA
,Apodemus_sylvaticus,Apodemus_sylvaticus,m17_diet,m17_diet_1.fastq.gz,Diet,ERA19381426,2019/11/23,Spain,43.2848° N,2.1714° W,,,Faeces,NA
,Apodemus_sylvaticus,Apodemus_sylvaticus,m17_diet2,m17_diet2_1.fastq.gz,Diet,ERA19381426,2019/11/23,Spain,43.2848° N,2.1714° W,,,Faeces,NA
,Apodemus_sylvaticus,Apodemus_sylvaticus,m17_diet2,m17_diet2_2.fastq.gz,Diet,ERA19381426,2019/11/23,Spain,43.2848° N,2.1714° W,,,Faeces,NA
,Apodemus_sylvaticus,Apodemus_sylvaticus,m17_diet,m17_diet_2.fastq.gz,Diet,ERA19381426,2019/11/23,Spain,43.2848° N,2.1714° W,,,Faeces,NA
,Apodemus_sylvaticus,Apodemus_sylvaticus,m17_heat,m17_heat_1.fastq.gz,Heat,ERA19381426,2019/10/28,Spain,43.2848° N,2.1714° W,,,Faeces,NA
,Apodemus_sylvaticus,Apodemus_sylvaticus,m17_heat,m17_heat_2.fastq.gz,Heat,ERA19381426,2019/10/28,Spain,43.2848° N,2.1714° W,,,Faeces,NA
,Apodemus_sylvaticus,Apodemus_sylvaticus,m17_post,m17_post_1.fastq.gz,Acclimation,ERA19381426,2019/10/16,Spain,43.2848° N,2.1714° W,,,Faeces,NA
,Apodemus_sylvaticus,Apodemus_sylvaticus,m17_post,m17_post_2.fastq.gz,Acclimation,ERA19381426,2019/10/16,Spain,43.2848° N,2.1714° W,,,Faeces,NA
,Apodemus_sylvaticus,Apodemus_sylvaticus,m18_cold,m18_cold_1.fastq.gz,Cold,ERA19381426,2019/11/11,Spain,43.2848° N,2.1714° W,,,Faeces,NA
,Apodemus_sylvaticus,Apodemus_sylvaticus,m18_cold,m18_cold_2.fastq.gz,Cold,ERA19381426,2019/11/11,Spain,43.2848° N,2.1714° W,,,Faeces,NA
,Apodemus_sylvaticus,Apodemus_sylvaticus,m18_diet,m18_diet_1.fastq.gz,Diet,ERA19381426,2019/11/23,Spain,43.2848° N,2.1714° W,,,Faeces,NA
,Apodemus_sylvaticus,Apodemus_sylvaticus,m18_diet,m18_diet_2.fastq.gz,Diet,ERA19381426,2019/11/23,Spain,43.2848° N,2.1714° W,,,Faeces,NA
,Apodemus_sylvaticus,Apodemus_sylvaticus,m18_heat,m18_heat_1.fastq.gz,Heat,ERA19381426,2019/10/28,Spain,43.2848° N,2.1714° W,,,Faeces,NA
,Apodemus_sylvaticus,Apodemus_sylvaticus,m18_heat,m18_heat_2.fastq.gz,Heat,ERA19381426,2019/10/28,Spain,43.2848° N,2.1714° W,,,Faeces,NA
,Apodemus_sylvaticus,Apodemus_sylvaticus,m18_post,m18_post_1.fastq.gz,Acclimation,ERA19381426,2019/10/16,Spain,43.2848° N,2.1714° W,,,Faeces,NA
,Apodemus_sylvaticus,Apodemus_sylvaticus,m18_post,m18_post_2.fastq.gz,Acclimation,ERA19381426,2019/10/16,Spain,43.2848° N,2.1714° W,,,Faeces,NA
,Apodemus_sylvaticus,Apodemus_sylvaticus,m18_pre,m18_pre_1.fastq.gz,Day1,ERA19381426,2019/10/09,Spain,43.2848° N,2.1714° W,,,Faeces,NA
,Apodemus_sylvaticus,Apodemus_sylvaticus,m18_pre,m18_pre_2.fastq.gz,Day1,ERA19381426,2019/10/09,Spain,43.2848° N,2.1714° W,,,Faeces,NA
,Apodemus_sylvaticus,Apodemus_sylvaticus,m19_cold,m19_cold_1.fastq.gz,Cold,ERA19381426,2019/11/11,Spain,43.2848° N,2.1714° W,,,Faeces,NA
,Apodemus_sylvaticus,Apodemus_sylvaticus,m19_cold,m19_cold_2.fastq.gz,Cold,ERA19381426,2019/11/11,Spain,43.2848° N,2.1714° W,,,Faeces,NA
,Apodemus_sylvaticus,Apodemus_sylvaticus,m19_diet,m19_diet_1.fastq.gz,Diet,ERA19381426,2019/11/23,Spain,43.2848° N,2.1714° W,,,Faeces,NA
,Apodemus_sylvaticus,Apodemus_sylvaticus,m19_diet,m19_diet_2.fastq.gz,Diet,ERA19381426,2019/11/23,Spain,43.2848° N,2.1714° W,,,Faeces,NA
,Apodemus_sylvaticus,Apodemus_sylvaticus,m19_heat,m19_heat_1.fastq.gz,Heat,ERA19381426,2019/10/28,Spain,43.2848° N,2.1714° W,,,Faeces,NA
,Apodemus_sylvaticus,Apodemus_sylvaticus,m19_heat,m19_heat_2.fastq.gz,Heat,ERA19381426,2019/10/28,Spain,43.2848° N,2.1714° W,,,Faeces,NA
,Apodemus_sylvaticus,Apodemus_sylvaticus,m19_post,m19_post_1.fastq.gz,Acclimation,ERA19381426,2019/10/16,Spain,43.2848° N,2.1714° W,,,Faeces,NA
,Apodemus_sylvaticus,Apodemus_sylvaticus,m19_post,m19_post_2.fastq.gz,Acclimation,ERA19381426,2019/10/16,Spain,43.2848° N,2.1714° W,,,Faeces,NA
,Apodemus_sylvaticus,Apodemus_sylvaticus,m19_pre,m19_pre_1.fastq.gz,Day1,ERA19381426,2019/10/09,Spain,43.2848° N,2.1714° W,,,Faeces,NA
,Apodemus_sylvaticus,Apodemus_sylvaticus,m19_pre,m19_pre_2.fastq.gz,Day1,ERA19381426,2019/10/09,Spain,43.2848° N,2.1714° W,,,Faeces,NA
,Apodemus_sylvaticus,Apodemus_sylvaticus,m1_cold,m1_cold_1.fastq.gz,Cold,ERA19381426,2019/11/11,Spain,43.2848° N,2.1714° W,,,Faeces,NA
,Apodemus_sylvaticus,Apodemus_sylvaticus,m1_cold,m1_cold_2.fastq.gz,Cold,ERA19381426,2019/11/11,Spain,43.2848° N,2.1714° W,,,Faeces,NA
,Apodemus_sylvaticus,Apodemus_sylvaticus,m1_diet,m1_diet_1.fastq.gz,Diet,ERA19381426,2019/11/23,Spain,43.2848° N,2.1714° W,,,Faeces,NA
,Apodemus_sylvaticus,Apodemus_sylvaticus,m1_diet,m1_diet_2.fastq.gz,Diet,ERA19381426,2019/11/23,Spain,43.2848° N,2.1714° W,,,Faeces,NA
,Apodemus_sylvaticus,Apodemus_sylvaticus,m1_heat,m1_heat_1.fastq.gz,Heat,ERA19381426,2019/10/28,Spain,43.2848° N,2.1714° W,,,Faeces,NA
,Apodemus_sylvaticus,Apodemus_sylvaticus,m1_heat,m1_heat_2.fastq.gz,Heat,ERA19381426,2019/10/28,Spain,43.2848° N,2.1714° W,,,Faeces,NA
,Apodemus_sylvaticus,Apodemus_sylvaticus,m1_post,m1_post_1.fastq.gz,Acclimation,ERA19381426,2019/10/16,Spain,43.2848° N,2.1714° W,,,Faeces,NA
,Apodemus_sylvaticus,Apodemus_sylvaticus,m1_post2,m1_post2_1.fastq.gz,Acclimation,ERA19381426,2019/10/16,Spain,43.2848° N,2.1714° W,,,Faeces,NA
,Apodemus_sylvaticus,Apodemus_sylvaticus,m1_post2,m1_post2_2.fastq.gz,Acclimation,ERA19381426,2019/10/16,Spain,43.2848° N,2.1714° W,,,Faeces,NA
,Apodemus_sylvaticus,Apodemus_sylvaticus,m1_post,m1_post_2.fastq.gz,Acclimation,ERA19381426,2019/10/16,Spain,43.2848° N,2.1714° W,,,Faeces,NA
,Apodemus_sylvaticus,Apodemus_sylvaticus,m1_pre,m1_pre_1.fastq.gz,Day1,ERA19381426,2019/10/09,Spain,43.2848° N,2.1714° W,,,Faeces,NA
,Apodemus_sylvaticus,Apodemus_sylvaticus,m1_pre,m1_pre_2.fastq.gz,Day1,ERA19381426,2019/10/09,Spain,43.2848° N,2.1714° W,,,Faeces,NA
,Apodemus_sylvaticus,Apodemus_sylvaticus,m21_cold,m21_cold_1.fastq.gz,Cold,ERA19381426,2019/11/11,Spain,43.2848° N,2.1714° W,,,Faeces,NA
,Apodemus_sylvaticus,Apodemus_sylvaticus,m21_cold,m21_cold_2.fastq.gz,Cold,ERA19381426,2019/11/11,Spain,43.2848° N,2.1714° W,,,Faeces,NA
,Apodemus_sylvaticus,Apodemus_sylvaticus,m21_diet,m21_diet_1.fastq.gz,Diet,ERA19381426,2019/11/23,Spain,43.2848° N,2.1714° W,,,Faeces,NA
,Apodemus_sylvaticus,Apodemus_sylvaticus,m21_diet,m21_diet_2.fastq.gz,Diet,ERA19381426,2019/11/23,Spain,43.2848° N,2.1714° W,,,Faeces,NA
,Apodemus_sylvaticus,Apodemus_sylvaticus,m21_post,m21_post_1.fastq.gz,Acclimation,ERA19381426,2019/10/16,Spain,43.2848° N,2.1714° W,,,Faeces,NA
,Apodemus_sylvaticus,Apodemus_sylvaticus,m21_post,m21_post_2.fastq.gz,Acclimation,ERA19381426,2019/10/16,Spain,43.2848° N,2.1714° W,,,Faeces,NA
,Apodemus_sylvaticus,Apodemus_sylvaticus,m21_pre,m21_pre_1.fastq.gz,Day1,ERA19381426,2019/10/09,Spain,43.2848° N,2.1714° W,,,Faeces,NA
,Apodemus_sylvaticus,Apodemus_sylvaticus,m21_pre,m21_pre_2.fastq.gz,Day1,ERA19381426,2019/10/09,Spain,43.2848° N,2.1714° W,,,Faeces,NA
,Apodemus_sylvaticus,Apodemus_sylvaticus,m22_cold,m22_cold_1.fastq.gz,Cold,ERA19381426,2019/11/11,Spain,43.2848° N,2.1714° W,,,Faeces,NA
,Apodemus_sylvaticus,Apodemus_sylvaticus,m22_cold,m22_cold_2.fastq.gz,Cold,ERA19381426,2019/11/11,Spain,43.2848° N,2.1714° W,,,Faeces,NA
,Apodemus_sylvaticus,Apodemus_sylvaticus,m22_diet,m22_diet_1.fastq.gz,Diet,ERA19381426,2019/11/23,Spain,43.2848° N,2.1714° W,,,Faeces,NA
,Apodemus_sylvaticus,Apodemus_sylvaticus,m22_diet,m22_diet_2.fastq.gz,Diet,ERA19381426,2019/11/23,Spain,43.2848° N,2.1714° W,,,Faeces,NA
,Apodemus_sylvaticus,Apodemus_sylvaticus,m22_heat,m22_heat_1.fastq.gz,Heat,ERA19381426,2019/10/28,Spain,43.2848° N,2.1714° W,,,Faeces,NA
,Apodemus_sylvaticus,Apodemus_sylvaticus,m22_heat,m22_heat_2.fastq.gz,Heat,ERA19381426,2019/10/28,Spain,43.2848° N,2.1714° W,,,Faeces,NA
,Apodemus_sylvaticus,Apodemus_sylvaticus,m22_post,m22_post_1.fastq.gz,Acclimation,ERA19381426,2019/10/16,Spain,43.2848° N,2.1714° W,,,Faeces,NA
,Apodemus_sylvaticus,Apodemus_sylvaticus,m22_post,m22_post_2.fastq.gz,Acclimation,ERA19381426,2019/10/16,Spain,43.2848° N,2.1714° W,,,Faeces,NA
,Apodemus_sylvaticus,Apodemus_sylvaticus,m22_pre,m22_pre_1.fastq.gz,Day1,ERA19381426,2019/10/09,Spain,43.2848° N,2.1714° W,,,Faeces,NA
,Apodemus_sylvaticus,Apodemus_sylvaticus,m22_pre,m22_pre_2.fastq.gz,Day1,ERA19381426,2019/10/09,Spain,43.2848° N,2.1714° W,,,Faeces,NA
,Apodemus_sylvaticus,Apodemus_sylvaticus,m24_cold,m24_cold_1.fastq.gz,Cold,ERA19381426,2019/11/11,Spain,43.2848° N,2.1714° W,,,Faeces,NA
,Apodemus_sylvaticus,Apodemus_sylvaticus,m24_cold,m24_cold_2.fastq.gz,Cold,ERA19381426,2019/11/11,Spain,43.2848° N,2.1714° W,,,Faeces,NA
,Apodemus_sylvaticus,Apodemus_sylvaticus,m24_diet,m24_diet_1.fastq.gz,Diet,ERA19381426,2019/11/23,Spain,43.2848° N,2.1714° W,,,Faeces,NA
,Apodemus_sylvaticus,Apodemus_sylvaticus,m24_diet,m24_diet_2.fastq.gz,Diet,ERA19381426,2019/11/23,Spain,43.2848° N,2.1714° W,,,Faeces,NA
,Apodemus_sylvaticus,Apodemus_sylvaticus,m24_heat,m24_heat_1.fastq.gz,Heat,ERA19381426,2019/10/28,Spain,43.2848° N,2.1714° W,,,Faeces,NA
,Apodemus_sylvaticus,Apodemus_sylvaticus,m24_heat,m24_heat_2.fastq.gz,Heat,ERA19381426,2019/10/28,Spain,43.2848° N,2.1714° W,,,Faeces,NA
,Apodemus_sylvaticus,Apodemus_sylvaticus,m24_post,m24_post_1.fastq.gz,Acclimation,ERA19381426,2019/10/16,Spain,43.2848° N,2.1714° W,,,Faeces,NA
,Apodemus_sylvaticus,Apodemus_sylvaticus,m24_post,m24_post_2.fastq.gz,Acclimation,ERA19381426,2019/10/16,Spain,43.2848° N,2.1714° W,,,Faeces,NA
,Apodemus_sylvaticus,Apodemus_sylvaticus,m24_pre,m24_pre_1.fastq.gz,Day1,ERA19381426,2019/10/09,Spain,43.2848° N,2.1714° W,,,Faeces,NA
,Apodemus_sylvaticus,Apodemus_sylvaticus,m24_pre,m24_pre_2.fastq.gz,Day1,ERA19381426,2019/10/09,Spain,43.2848° N,2.1714° W,,,Faeces,NA
,Apodemus_sylvaticus,Apodemus_sylvaticus,m25_cold,m25_cold_1.fastq.gz,Cold,ERA19381426,2019/11/11,Spain,43.2848° N,2.1714° W,,,Faeces,NA
,Apodemus_sylvaticus,Apodemus_sylvaticus,m25_cold,m25_cold_2.fastq.gz,Cold,ERA19381426,2019/11/11,Spain,43.2848° N,2.1714° W,,,Faeces,NA
,Apodemus_sylvaticus,Apodemus_sylvaticus,m25_diet,m25_diet_1.fastq.gz,Diet,ERA19381426,2019/11/23,Spain,43.2848° N,2.1714° W,,,Faeces,NA
,Apodemus_sylvaticus,Apodemus_sylvaticus,m25_diet,m25_diet_2.fastq.gz,Diet,ERA19381426,2019/11/23,Spain,43.2848° N,2.1714° W,,,Faeces,NA
,Apodemus_sylvaticus,Apodemus_sylvaticus,m25_heat,m25_heat_1.fastq.gz,Heat,ERA19381426,2019/10/28,Spain,43.2848° N,2.1714° W,,,Faeces,NA
,Apodemus_sylvaticus,Apodemus_sylvaticus,m25_heat,m25_heat_2.fastq.gz,Heat,ERA19381426,2019/10/28,Spain,43.2848° N,2.1714° W,,,Faeces,NA
,Apodemus_sylvaticus,Apodemus_sylvaticus,m25_post,m25_post_1.fastq.gz,Acclimation,ERA19381426,2019/10/16,Spain,43.2848° N,2.1714° W,,,Faeces,NA
,Apodemus_sylvaticus,Apodemus_sylvaticus,m25_post,m25_post_2.fastq.gz,Acclimation,ERA19381426,2019/10/16,Spain,43.2848° N,2.1714° W,,,Faeces,NA
,Apodemus_sylvaticus,Apodemus_sylvaticus,m25_pre,m25_pre_1.fastq.gz,Day1,ERA19381426,2019/10/09,Spain,43.2848° N,2.1714° W,,,Faeces,NA
,Apodemus_sylvaticus,Apodemus_sylvaticus,m25_pre,m25_pre_2.fastq.gz,Day1,ERA19381426,2019/10/09,Spain,43.2848° N,2.1714° W,,,Faeces,NA
,Apodemus_sylvaticus,Apodemus_sylvaticus,m2_cold,m2_cold_1.fastq.gz,Cold,ERA19381426,2019/11/11,Spain,43.2848° N,2.1714° W,,,Faeces,NA
,Apodemus_sylvaticus,Apodemus_sylvaticus,m2_cold,m2_cold_2.fastq.gz,Cold,ERA19381426,2019/11/11,Spain,43.2848° N,2.1714° W,,,Faeces,NA
,Apodemus_sylvaticus,Apodemus_sylvaticus,m2_diet,m2_diet_1.fastq.gz,Diet,ERA19381426,2019/11/23,Spain,43.2848° N,2.1714° W,,,Faeces,NA
,Apodemus_sylvaticus,Apodemus_sylvaticus,m2_diet,m2_diet_2.fastq.gz,Diet,ERA19381426,2019/11/23,Spain,43.2848° N,2.1714° W,,,Faeces,NA
,Apodemus_sylvaticus,Apodemus_sylvaticus,m2_heat,m2_heat_1.fastq.gz,Heat,ERA19381426,2019/10/28,Spain,43.2848° N,2.1714° W,,,Faeces,NA
,Apodemus_sylvaticus,Apodemus_sylvaticus,m2_heat,m2_heat_2.fastq.gz,Heat,ERA19381426,2019/10/28,Spain,43.2848° N,2.1714° W,,,Faeces,NA
,Apodemus_sylvaticus,Apodemus_sylvaticus,m2_post,m2_post_1.fastq.gz,Acclimation,ERA19381426,2019/10/16,Spain,43.2848° N,2.1714° W,,,Faeces,NA
,Apodemus_sylvaticus,Apodemus_sylvaticus,m2_post,m2_post_2.fastq.gz,Acclimation,ERA19381426,2019/10/16,Spain,43.2848° N,2.1714° W,,,Faeces,NA
,Apodemus_sylvaticus,Apodemus_sylvaticus,m2_pre,m2_pre_1.fastq.gz,Day1,ERA19381426,2019/10/09,Spain,43.2848° N,2.1714° W,,,Faeces,NA
,Apodemus_sylvaticus,Apodemus_sylvaticus,m2_pre,m2_pre_2.fastq.gz,Day1,ERA19381426,2019/10/09,Spain,43.2848° N,2.1714° W,,,Faeces,NA
,Apodemus_sylvaticus,Apodemus_sylvaticus,m3_cold,m3_cold_1.fastq.gz,Cold,ERA19381426,2019/11/11,Spain,43.2848° N,2.1714° W,,,Faeces,NA
,Apodemus_sylvaticus,Apodemus_sylvaticus,m3_cold,m3_cold_2.fastq.gz,Cold,ERA19381426,2019/11/11,Spain,43.2848° N,2.1714° W,,,Faeces,NA
,Apodemus_sylvaticus,Apodemus_sylvaticus,m3_diet,m3_diet_1.fastq.gz,Diet,ERA19381426,2019/11/23,Spain,43.2848° N,2.1714° W,,,Faeces,NA
,Apodemus_sylvaticus,Apodemus_sylvaticus,m3_diet,m3_diet_2.fastq.gz,Diet,ERA19381426,2019/11/23,Spain,43.2848° N,2.1714° W,,,Faeces,NA
,Apodemus_sylvaticus,Apodemus_sylvaticus,m3_heat,m3_heat_1.fastq.gz,Heat,ERA19381426,2019/10/28,Spain,43.2848° N,2.1714° W,,,Faeces,NA
,Apodemus_sylvaticus,Apodemus_sylvaticus,m3_heat,m3_heat_2.fastq.gz,Heat,ERA19381426,2019/10/28,Spain,43.2848° N,2.1714° W,,,Faeces,NA
,Apodemus_sylvaticus,Apodemus_sylvaticus,m3_post,m3_post_1.fastq.gz,Acclimation,ERA19381426,2019/10/16,Spain,43.2848° N,2.1714° W,,,Faeces,NA
,Apodemus_sylvaticus,Apodemus_sylvaticus,m3_post,m3_post_2.fastq.gz,Acclimation,ERA19381426,2019/10/16,Spain,43.2848° N,2.1714° W,,,Faeces,NA
,Apodemus_sylvaticus,Apodemus_sylvaticus,m3_pre,m3_pre_1.fastq.gz,Day1,ERA19381426,2019/10/09,Spain,43.2848° N,2.1714° W,,,Faeces,NA
,Apodemus_sylvaticus,Apodemus_sylvaticus,m3_pre,m3_pre_2.fastq.gz,Day1,ERA19381426,2019/10/09,Spain,43.2848° N,2.1714° W,,,Faeces,NA
,Apodemus_sylvaticus,Apodemus_sylvaticus,m4_cold,m4_cold_1.fastq.gz,Cold,ERA19381426,2019/11/11,Spain,43.2848° N,2.1714° W,,,Faeces,NA
,Apodemus_sylvaticus,Apodemus_sylvaticus,m4_cold,m4_cold_2.fastq.gz,Cold,ERA19381426,2019/11/11,Spain,43.2848° N,2.1714° W,,,Faeces,NA
,Apodemus_sylvaticus,Apodemus_sylvaticus,m4_diet,m4_diet_1.fastq.gz,Diet,ERA19381426,2019/11/23,Spain,43.2848° N,2.1714° W,,,Faeces,NA
,Apodemus_sylvaticus,Apodemus_sylvaticus,m4_diet,m4_diet_2.fastq.gz,Diet,ERA19381426,2019/11/23,Spain,43.2848° N,2.1714° W,,,Faeces,NA
,Apodemus_sylvaticus,Apodemus_sylvaticus,m4_heat,m4_heat_1.fastq.gz,Heat,ERA19381426,2019/10/28,Spain,43.2848° N,2.1714° W,,,Faeces,NA
,Apodemus_sylvaticus,Apodemus_sylvaticus,m4_heat,m4_heat_2.fastq.gz,Heat,ERA19381426,2019/10/28,Spain,43.2848° N,2.1714° W,,,Faeces,NA
,Apodemus_sylvaticus,Apodemus_sylvaticus,m4_post,m4_post_1.fastq.gz,Acclimation,ERA19381426,2019/10/16,Spain,43.2848° N,2.1714° W,,,Faeces,NA
,Apodemus_sylvaticus,Apodemus_sylvaticus,m4_post,m4_post_2.fastq.gz,Acclimation,ERA19381426,2019/10/16,Spain,43.2848° N,2.1714° W,,,Faeces,NA
,Apodemus_sylvaticus,Apodemus_sylvaticus,m4_pre,m4_pre_1.fastq.gz,Day1,ERA19381426,2019/10/09,Spain,43.2848° N,2.1714° W,,,Faeces,NA
,Apodemus_sylvaticus,Apodemus_sylvaticus,m4_pre,m4_pre_2.fastq.gz,Day1,ERA19381426,2019/10/09,Spain,43.2848° N,2.1714° W,,,Faeces,NA
,Apodemus_sylvaticus,Apodemus_sylvaticus,m6_cold,m6_cold_1.fastq.gz,Cold,ERA19381426,2019/11/11,Spain,43.2848° N,2.1714° W,,,Faeces,NA
,Apodemus_sylvaticus,Apodemus_sylvaticus,m6_cold,m6_cold_2.fastq.gz,Cold,ERA19381426,2019/11/11,Spain,43.2848° N,2.1714° W,,,Faeces,NA
,Apodemus_sylvaticus,Apodemus_sylvaticus,m6_diet,m6_diet_1.fastq.gz,Diet,ERA19381426,2019/11/23,Spain,43.2848° N,2.1714° W,,,Faeces,NA
,Apodemus_sylvaticus,Apodemus_sylvaticus,m6_diet,m6_diet_2.fastq.gz,Diet,ERA19381426,2019/11/23,Spain,43.2848° N,2.1714° W,,,Faeces,NA
,Apodemus_sylvaticus,Apodemus_sylvaticus,m6_heat,m6_heat_1.fastq.gz,Heat,ERA19381426,2019/10/28,Spain,43.2848° N,2.1714° W,,,Faeces,NA
,Apodemus_sylvaticus,Apodemus_sylvaticus,m6_heat,m6_heat_2.fastq.gz,Heat,ERA19381426,2019/10/28,Spain,43.2848° N,2.1714° W,,,Faeces,NA
,Apodemus_sylvaticus,Apodemus_sylvaticus,m6_post,m6_post_1.fastq.gz,Acclimation,ERA19381426,2019/10/16,Spain,43.2848° N,2.1714° W,,,Faeces,NA
,Apodemus_sylvaticus,Apodemus_sylvaticus,m6_post,m6_post_2.fastq.gz,Acclimation,ERA19381426,2019/10/16,Spain,43.2848° N,2.1714° W,,,Faeces,NA
,Apodemus_sylvaticus,Apodemus_sylvaticus,m6_pre,m6_pre_1.fastq.gz,Day1,ERA19381426,2019/10/09,Spain,43.2848° N,2.1714° W,,,Faeces,NA
,Apodemus_sylvaticus,Apodemus_sylvaticus,m6_pre,m6_pre_2.fastq.gz,Day1,ERA19381426,2019/10/09,Spain,43.2848° N,2.1714° W,,,Faeces,NA
,Apodemus_sylvaticus,Apodemus_sylvaticus,m7_cold,m7_cold_1.fastq.gz,Cold,ERA19381426,2019/11/11,Spain,43.2848° N,2.1714° W,,,Faeces,NA
,Apodemus_sylvaticus,Apodemus_sylvaticus,m7_cold,m7_cold_2.fastq.gz,Cold,ERA19381426,2019/11/11,Spain,43.2848° N,2.1714° W,,,Faeces,NA
,Apodemus_sylvaticus,Apodemus_sylvaticus,m7_diet,m7_diet_1.fastq.gz,Diet,ERA19381426,2019/11/23,Spain,43.2848° N,2.1714° W,,,Faeces,NA
,Apodemus_sylvaticus,Apodemus_sylvaticus,m7_diet,m7_diet_2.fastq.gz,Diet,ERA19381426,2019/11/23,Spain,43.2848° N,2.1714° W,,,Faeces,NA
,Apodemus_sylvaticus,Apodemus_sylvaticus,m7_heat,m7_heat_1.fastq.gz,Heat,ERA19381426,2019/10/28,Spain,43.2848° N,2.1714° W,,,Faeces,NA
,Apodemus_sylvaticus,Apodemus_sylvaticus,m7_heat,m7_heat_2.fastq.gz,Heat,ERA19381426,2019/10/28,Spain,43.2848° N,2.1714° W,,,Faeces,NA
,Apodemus_sylvaticus,Apodemus_sylvaticus,m7_pre,m7_pre_1.fastq.gz,Day1,ERA19381426,2019/10/09,Spain,43.2848° N,2.1714° W,,,Faeces,NA
,Apodemus_sylvaticus,Apodemus_sylvaticus,m7_pre,m7_pre_2.fastq.gz,Day1,ERA19381426,2019/10/09,Spain,43.2848° N,2.1714° W,,,Faeces,NA
,Apodemus_sylvaticus,Apodemus_sylvaticus,m8_cold,m8_cold_1.fastq.gz,Cold,ERA19381426,2019/11/11,Spain,43.2848° N,2.1714° W,,,Faeces,NA
,Apodemus_sylvaticus,Apodemus_sylvaticus,m8_cold,m8_cold_2.fastq.gz,Cold,ERA19381426,2019/11/11,Spain,43.2848° N,2.1714° W,,,Faeces,NA
,Apodemus_sylvaticus,Apodemus_sylvaticus,m8_diet,m8_diet_1.fastq.gz,Diet,ERA19381426,2019/11/23,Spain,43.2848° N,2.1714° W,,,Faeces,NA
,Apodemus_sylvaticus,Apodemus_sylvaticus,m8_diet,m8_diet_2.fastq.gz,Diet,ERA19381426,2019/11/23,Spain,43.2848° N,2.1714° W,,,Faeces,NA
,Apodemus_sylvaticus,Apodemus_sylvaticus,m8_post,m8_post_1.fastq.gz,Acclimation,ERA19381426,2019/10/16,Spain,43.2848° N,2.1714° W,,,Faeces,NA
,Apodemus_sylvaticus,Apodemus_sylvaticus,m8_post,m8_post_2.fastq.gz,Acclimation,ERA19381426,2019/10/16,Spain,43.2848° N,2.1714° W,,,Faeces,NA
,Apodemus_sylvaticus,Apodemus_sylvaticus,m8_pre,m8_pre_1.fastq.gz,Day1,ERA19381426,2019/10/09,Spain,43.2848° N,2.1714° W,,,Faeces,NA
,Apodemus_sylvaticus,Apodemus_sylvaticus,m8_pre,m8_pre_2.fastq.gz,Day1,ERA19381426,2019/10/09,Spain,43.2848° N,2.1714° W,,,Faeces,NA
,Crocidura_russula,Crocidura_russula,post_s10,post_s10_1.fastq.gz,Acclimation,ERA19381426,2019/10/16,Spain,43.2848° N,2.1714° W,,,Faeces,NA
,Crocidura_russula,Crocidura_russula,post_s10,post_s10_2.fastq.gz,Acclimation,ERA19381426,2019/10/16,Spain,43.2848° N,2.1714° W,,,Faeces,NA
,Crocidura_russula,Crocidura_russula,post_s11,post_s11_1.fastq.gz,Acclimation,ERA19381426,2019/10/16,Spain,43.2848° N,2.1714° W,,,Faeces,NA
,Crocidura_russula,Crocidura_russula,post_s11,post_s11_2.fastq.gz,Acclimation,ERA19381426,2019/10/16,Spain,43.2848° N,2.1714° W,,,Faeces,NA
,Crocidura_russula,Crocidura_russula,post_s12,post_s12_1.fastq.gz,Acclimation,ERA19381426,2019/10/16,Spain,43.2848° N,2.1714° W,,,Faeces,NA
,Crocidura_russula,Crocidura_russula,post_s12,post_s12_2.fastq.gz,Acclimation,ERA19381426,2019/10/16,Spain,43.2848° N,2.1714° W,,,Faeces,NA
,Crocidura_russula,Crocidura_russula,Post_s13,Post_s13_1.fastq.gz,Acclimation,ERA19381426,2019/10/16,Spain,43.2848° N,2.1714° W,,,Faeces,NA
,Crocidura_russula,Crocidura_russula,Post_s13,Post_s13_2.fastq.gz,Acclimation,ERA19381426,2019/10/16,Spain,43.2848° N,2.1714° W,,,Faeces,NA
,Crocidura_russula,Crocidura_russula,post_s14,post_s14_1.fastq.gz,Acclimation,ERA19381426,2019/10/16,Spain,43.2848° N,2.1714° W,,,Faeces,NA
,Crocidura_russula,Crocidura_russula,post_s14,post_s14_2.fastq.gz,Acclimation,ERA19381426,2019/10/16,Spain,43.2848° N,2.1714° W,,,Faeces,NA
,Crocidura_russula,Crocidura_russula,post_s16,post_s16_1.fastq.gz,Acclimation,ERA19381426,2019/10/16,Spain,43.2848° N,2.1714° W,,,Faeces,NA
,Crocidura_russula,Crocidura_russula,Post_s18,Post_s18_1.fastq.gz,Acclimation,ERA19381426,2019/10/16,Spain,43.2848° N,2.1714° W,,,Faeces,NA
,Crocidura_russula,Crocidura_russula,Post_s18,Post_s18_2.fastq.gz,Acclimation,ERA19381426,2019/10/16,Spain,43.2848° N,2.1714° W,,,Faeces,NA
,Crocidura_russula,Crocidura_russula,post_s19,post_s19_1.fastq.gz,Acclimation,ERA19381426,2019/10/16,Spain,43.2848° N,2.1714° W,,,Faeces,NA
,Crocidura_russula,Crocidura_russula,post_s19,post_s19_2.fastq.gz,Acclimation,ERA19381426,2019/10/16,Spain,43.2848° N,2.1714° W,,,Faeces,NA
,Apodemus_sylvaticus,Apodemus_sylvaticus,Post_s21,Post_s21_1.fastq.gz,Acclimation,ERA19381426,2019/10/16,Spain,43.2848° N,2.1714° W,,,Faeces,NA
,Apodemus_sylvaticus,Apodemus_sylvaticus,Post_s21,Post_s21_2.fastq.gz,Acclimation,ERA19381426,2019/10/16,Spain,43.2848° N,2.1714° W,,,Faeces,NA
,Apodemus_sylvaticus,Apodemus_sylvaticus,Post_s2,Post_s2_1.fastq.gz,Acclimation,ERA19381426,2019/10/16,Spain,43.2848° N,2.1714° W,,,Faeces,NA
,Apodemus_sylvaticus,Apodemus_sylvaticus,Post_s22,Post_s22_1.fastq.gz,Acclimation,ERA19381426,2019/10/16,Spain,43.2848° N,2.1714° W,,,Faeces,NA
,Apodemus_sylvaticus,Apodemus_sylvaticus,Post_s22,Post_s22_2.fastq.gz,Acclimation,ERA19381426,2019/10/16,Spain,43.2848° N,2.1714° W,,,Faeces,NA
,Apodemus_sylvaticus,Apodemus_sylvaticus,Post_s2,Post_s2_2.fastq.gz,Acclimation,ERA19381426,2019/10/16,Spain,43.2848° N,2.1714° W,,,Faeces,NA
,Apodemus_sylvaticus,Apodemus_sylvaticus,post_s23,post_s23_1.fastq.gz,Acclimation,ERA19381426,2019/10/16,Spain,43.2848° N,2.1714° W,,,Faeces,NA
,Apodemus_sylvaticus,Apodemus_sylvaticus,post_s23,post_s23_2.fastq.gz,Acclimation,ERA19381426,2019/10/16,Spain,43.2848° N,2.1714° W,,,Faeces,NA
,Apodemus_sylvaticus,Apodemus_sylvaticus,post_s24,post_s24_1.fastq.gz,Acclimation,ERA19381426,2019/10/16,Spain,43.2848° N,2.1714° W,,,Faeces,NA
,Apodemus_sylvaticus,Apodemus_sylvaticus,post_s24,post_s24_2.fastq.gz,Acclimation,ERA19381426,2019/10/16,Spain,43.2848° N,2.1714° W,,,Faeces,NA
,Apodemus_sylvaticus,Apodemus_sylvaticus,post_s25,post_s25_1.fastq.gz,Acclimation,ERA19381426,2019/10/16,Spain,43.2848° N,2.1714° W,,,Faeces,NA
,Apodemus_sylvaticus,Apodemus_sylvaticus,post_s25,post_s25_2.fastq.gz,Acclimation,ERA19381426,2019/10/16,Spain,43.2848° N,2.1714° W,,,Faeces,NA
,Apodemus_sylvaticus,Apodemus_sylvaticus,post_s27,post_s27_1.fastq.gz,Acclimation,ERA19381426,2019/10/16,Spain,43.2848° N,2.1714° W,,,Faeces,NA
,Apodemus_sylvaticus,Apodemus_sylvaticus,post_s27,post_s27_2.fastq.gz,Acclimation,ERA19381426,2019/10/16,Spain,43.2848° N,2.1714° W,,,Faeces,NA
,Apodemus_sylvaticus,Apodemus_sylvaticus,Post_s28,Post_s28_1.fastq.gz,Acclimation,ERA19381426,2019/10/16,Spain,43.2848° N,2.1714° W,,,Faeces,NA
,Apodemus_sylvaticus,Apodemus_sylvaticus,Post_s28,Post_s28_2.fastq.gz,Acclimation,ERA19381426,2019/10/16,Spain,43.2848° N,2.1714° W,,,Faeces,NA
,Apodemus_sylvaticus,Apodemus_sylvaticus,post_s31,post_s31_1.fastq.gz,Acclimation,ERA19381426,2019/10/16,Spain,43.2848° N,2.1714° W,,,Faeces,NA
,Apodemus_sylvaticus,Apodemus_sylvaticus,post_s31,post_s31_2.fastq.gz,Acclimation,ERA19381426,2019/10/16,Spain,43.2848° N,2.1714° W,,,Faeces,NA
,Apodemus_sylvaticus,Apodemus_sylvaticus,post_s3,post_s3_1.fastq.gz,Acclimation,ERA19381426,2019/10/16,Spain,43.2848° N,2.1714° W,,,Faeces,NA
,Apodemus_sylvaticus,Apodemus_sylvaticus,post_s3,post_s3_2.fastq.gz,Acclimation,ERA19381426,2019/10/16,Spain,43.2848° N,2.1714° W,,,Faeces,NA
,Apodemus_sylvaticus,Apodemus_sylvaticus,post_s34,post_s34_1.fastq.gz,Acclimation,ERA19381426,2019/10/16,Spain,43.2848° N,2.1714° W,,,Faeces,NA
,Apodemus_sylvaticus,Apodemus_sylvaticus,post_s34,post_s34_2.fastq.gz,Acclimation,ERA19381426,2019/10/16,Spain,43.2848° N,2.1714° W,,,Faeces,NA
,Apodemus_sylvaticus,Apodemus_sylvaticus,Post_s35,Post_s35_1.fastq.gz,Acclimation,ERA19381426,2019/10/16,Spain,43.2848° N,2.1714° W,,,Faeces,NA
,Apodemus_sylvaticus,Apodemus_sylvaticus,Post_s35,Post_s35_2.fastq.gz,Acclimation,ERA19381426,2019/10/16,Spain,43.2848° N,2.1714° W,,,Faeces,NA
,Apodemus_sylvaticus,Apodemus_sylvaticus,post_s36,post_s36_1.fastq.gz,Acclimation,ERA19381426,2019/10/16,Spain,43.2848° N,2.1714° W,,,Faeces,NA
,Apodemus_sylvaticus,Apodemus_sylvaticus,post_s36,post_s36_2.fastq.gz,Acclimation,ERA19381426,2019/10/16,Spain,43.2848° N,2.1714° W,,,Faeces,NA
,Apodemus_sylvaticus,Apodemus_sylvaticus,post_s4,post_s4_1.fastq.gz,Acclimation,ERA19381426,2019/10/16,Spain,43.2848° N,2.1714° W,,,Faeces,NA
,Apodemus_sylvaticus,Apodemus_sylvaticus,post_s4,post_s4_2.fastq.gz,Acclimation,ERA19381426,2019/10/16,Spain,43.2848° N,2.1714° W,,,Faeces,NA
,Apodemus_sylvaticus,Apodemus_sylvaticus,post_s5,post_s5_1.fastq.gz,Acclimation,ERA19381426,2019/10/16,Spain,43.2848° N,2.1714° W,,,Faeces,NA
,Apodemus_sylvaticus,Apodemus_sylvaticus,post_s5,post_s5_2.fastq.gz,Acclimation,ERA19381426,2019/10/16,Spain,43.2848° N,2.1714° W,,,Faeces,NA
,Apodemus_sylvaticus,Apodemus_sylvaticus,Post_s6,Post_s6_1.fastq.gz,Acclimation,ERA19381426,2019/10/16,Spain,43.2848° N,2.1714° W,,,Faeces,NA
,Apodemus_sylvaticus,Apodemus_sylvaticus,Post_s6,Post_s6_2.fastq.gz,Acclimation,ERA19381426,2019/10/16,Spain,43.2848° N,2.1714° W,,,Faeces,NA
,Crocidura_russula,Crocidura_russula,Post_s9,Post_s9_1.fastq.gz,Acclimation,ERA19381426,2019/10/16,Spain,43.2848° N,2.1714° W,,,Faeces,NA
,Crocidura_russula,Crocidura_russula,Post_s9,Post_s9_2.fastq.gz,Acclimation,ERA19381426,2019/10/16,Spain,43.2848° N,2.1714° W,,,Faeces,NA
,Crocidura_russula,Crocidura_russula,pre_s10,pre_s10_1.fastq.gz,Day1,ERA19381426,2019/10/09,Spain,43.2848° N,2.1714° W,,,Faeces,NA
,Crocidura_russula,Crocidura_russula,pre_s10,pre_s10_2.fastq.gz,Day1,ERA19381426,2019/10/09,Spain,43.2848° N,2.1714° W,,,Faeces,NA
,Crocidura_russula,Crocidura_russula,pre_s11,pre_s11_1.fastq.gz,Day1,ERA19381426,2019/10/09,Spain,43.2848° N,2.1714° W,,,Faeces,NA
,Crocidura_russula,Crocidura_russula,pre_s11,pre_s11_2.fastq.gz,Day1,ERA19381426,2019/10/09,Spain,43.2848° N,2.1714° W,,,Faeces,NA
,Crocidura_russula,Crocidura_russula,Pre_s13,Pre_s13_1.fastq.gz,Day1,ERA19381426,2019/10/09,Spain,43.2848° N,2.1714° W,,,Faeces,NA
,Crocidura_russula,Crocidura_russula,Pre_s13,Pre_s13_2.fastq.gz,Day1,ERA19381426,2019/10/09,Spain,43.2848° N,2.1714° W,,,Faeces,NA
,Crocidura_russula,Crocidura_russula,pre_s14,pre_s14_1.fastq.gz,Day1,ERA19381426,2019/10/09,Spain,43.2848° N,2.1714° W,,,Faeces,NA
,Crocidura_russula,Crocidura_russula,pre_s14,pre_s14_2.fastq.gz,Day1,ERA19381426,2019/10/09,Spain,43.2848° N,2.1714° W,,,Faeces,NA
,Crocidura_russula,Crocidura_russula,Pre_s15,Pre_s15_1.fastq.gz,Day1,ERA19381426,2019/10/09,Spain,43.2848° N,2.1714° W,,,Faeces,NA
,Crocidura_russula,Crocidura_russula,Pre_s15,Pre_s15_2.fastq.gz,Day1,ERA19381426,2019/10/09,Spain,43.2848° N,2.1714° W,,,Faeces,NA
,Crocidura_russula,Crocidura_russula,pre_s16,pre_s16_1.fastq.gz,Day1,ERA19381426,2019/10/09,Spain,43.2848° N,2.1714° W,,,Faeces,NA
,Crocidura_russula,Crocidura_russula,pre_s16,pre_s16_2.fastq.gz,Day1,ERA19381426,2019/10/09,Spain,43.2848° N,2.1714° W,,,Faeces,NA
,Crocidura_russula,Crocidura_russula,pre_s17,pre_s17_1.fastq.gz,Day1,ERA19381426,2019/10/09,Spain,43.2848° N,2.1714° W,,,Faeces,NA
,Crocidura_russula,Crocidura_russula,pre_s17,pre_s17_2.fastq.gz,Day1,ERA19381426,2019/10/09,Spain,43.2848° N,2.1714° W,,,Faeces,NA
,Crocidura_russula,Crocidura_russula,Pre_s18,Pre_s18_1.fastq.gz,Day1,ERA19381426,2019/10/09,Spain,43.2848° N,2.1714° W,,,Faeces,NA
,Crocidura_russula,Crocidura_russula,Pre_s18,Pre_s18_2.fastq.gz,Day1,ERA19381426,2019/10/09,Spain,43.2848° N,2.1714° W,,,Faeces,NA
,Crocidura_russula,Crocidura_russula,pre_s19,pre_s19_1.fastq.gz,Day1,ERA19381426,2019/10/09,Spain,43.2848° N,2.1714° W,,,Faeces,NA
,Crocidura_russula,Crocidura_russula,pre_s19,pre_s19_2.fastq.gz,Day1,ERA19381426,2019/10/09,Spain,43.2848° N,2.1714° W,,,Faeces,NA
,Apodemus_sylvaticus,Apodemus_sylvaticus,Pre_s21,Pre_s21_1.fastq.gz,Day1,ERA19381426,2019/10/09,Spain,43.2848° N,2.1714° W,,,Faeces,NA
,Apodemus_sylvaticus,Apodemus_sylvaticus,Pre_s21,Pre_s21_2.fastq.gz,Day1,ERA19381426,2019/10/09,Spain,43.2848° N,2.1714° W,,,Faeces,NA
,Apodemus_sylvaticus,Apodemus_sylvaticus,Pre_s2,Pre_s2_1.fastq.gz,Day1,ERA19381426,2019/10/09,Spain,43.2848° N,2.1714° W,,,Faeces,NA
,Apodemus_sylvaticus,Apodemus_sylvaticus,Pre_s22,Pre_s22_1.fastq.gz,Day1,ERA19381426,2019/10/09,Spain,43.2848° N,2.1714° W,,,Faeces,NA
,Apodemus_sylvaticus,Apodemus_sylvaticus,Pre_s22,Pre_s22_2.fastq.gz,Day1,ERA19381426,2019/10/09,Spain,43.2848° N,2.1714° W,,,Faeces,NA
,Apodemus_sylvaticus,Apodemus_sylvaticus,Pre_s2,Pre_s2_2.fastq.gz,Day1,ERA19381426,2019/10/09,Spain,43.2848° N,2.1714° W,,,Faeces,NA
,Apodemus_sylvaticus,Apodemus_sylvaticus,pre_s23,pre_s23_1.fastq.gz,Day1,ERA19381426,2019/10/09,Spain,43.2848° N,2.1714° W,,,Faeces,NA
,Apodemus_sylvaticus,Apodemus_sylvaticus,pre_s23,pre_s23_2.fastq.gz,Day1,ERA19381426,2019/10/09,Spain,43.2848° N,2.1714° W,,,Faeces,NA
,Apodemus_sylvaticus,Apodemus_sylvaticus,pre_s24,pre_s24_1.fastq.gz,Day1,ERA19381426,2019/10/09,Spain,43.2848° N,2.1714° W,,,Faeces,NA
,Apodemus_sylvaticus,Apodemus_sylvaticus,pre_s24,pre_s24_2.fastq.gz,Day1,ERA19381426,2019/10/09,Spain,43.2848° N,2.1714° W,,,Faeces,NA
,Apodemus_sylvaticus,Apodemus_sylvaticus,pre_s25,pre_s25_1.fastq.gz,Day1,ERA19381426,2019/10/09,Spain,43.2848° N,2.1714° W,,,Faeces,NA
,Apodemus_sylvaticus,Apodemus_sylvaticus,pre_s25,pre_s25_2.fastq.gz,Day1,ERA19381426,2019/10/09,Spain,43.2848° N,2.1714° W,,,Faeces,NA
,Apodemus_sylvaticus,Apodemus_sylvaticus,pre_s27,pre_s27_1.fastq.gz,Day1,ERA19381426,2019/10/09,Spain,43.2848° N,2.1714° W,,,Faeces,NA
,Apodemus_sylvaticus,Apodemus_sylvaticus,pre_s27,pre_s27_2.fastq.gz,Day1,ERA19381426,2019/10/09,Spain,43.2848° N,2.1714° W,,,Faeces,NA
,Apodemus_sylvaticus,Apodemus_sylvaticus,Pre_s28,Pre_s28_1.fastq.gz,Day1,ERA19381426,2019/10/09,Spain,43.2848° N,2.1714° W,,,Faeces,NA
,Apodemus_sylvaticus,Apodemus_sylvaticus,Pre_s28,Pre_s28_2.fastq.gz,Day1,ERA19381426,2019/10/09,Spain,43.2848° N,2.1714° W,,,Faeces,NA
,Apodemus_sylvaticus,Apodemus_sylvaticus,pre_s29,pre_s29_1.fastq.gz,Day1,ERA19381426,2019/10/09,Spain,43.2848° N,2.1714° W,,,Faeces,NA
,Apodemus_sylvaticus,Apodemus_sylvaticus,pre_s29,pre_s29_2.fastq.gz,Day1,ERA19381426,2019/10/09,Spain,43.2848° N,2.1714° W,,,Faeces,NA
,Apodemus_sylvaticus,Apodemus_sylvaticus,pre_s31,pre_s31_1.fastq.gz,Day1,ERA19381426,2019/10/09,Spain,43.2848° N,2.1714° W,,,Faeces,NA
,Apodemus_sylvaticus,Apodemus_sylvaticus,pre_s31,pre_s31_2.fastq.gz,Day1,ERA19381426,2019/10/09,Spain,43.2848° N,2.1714° W,,,Faeces,NA
,Apodemus_sylvaticus,Apodemus_sylvaticus,pre_s3,pre_s3_1.fastq.gz,Day1,ERA19381426,2019/10/09,Spain,43.2848° N,2.1714° W,,,Faeces,NA
,Apodemus_sylvaticus,Apodemus_sylvaticus,pre_s3,pre_s3_2.fastq.gz,Day1,ERA19381426,2019/10/09,Spain,43.2848° N,2.1714° W,,,Faeces,NA
,Apodemus_sylvaticus,Apodemus_sylvaticus,pre_s33,pre_s33_1.fastq.gz,Day1,ERA19381426,2019/10/09,Spain,43.2848° N,2.1714° W,,,Faeces,NA
,Apodemus_sylvaticus,Apodemus_sylvaticus,pre_s33,pre_s33_2.fastq.gz,Day1,ERA19381426,2019/10/09,Spain,43.2848° N,2.1714° W,,,Faeces,NA
,Apodemus_sylvaticus,Apodemus_sylvaticus,pre_s34,pre_s34_1.fastq.gz,Day1,ERA19381426,2019/10/09,Spain,43.2848° N,2.1714° W,,,Faeces,NA
,Apodemus_sylvaticus,Apodemus_sylvaticus,pre_s34,pre_s34_2.fastq.gz,Day1,ERA19381426,2019/10/09,Spain,43.2848° N,2.1714° W,,,Faeces,NA
,Apodemus_sylvaticus,Apodemus_sylvaticus,Pre_s35,Pre_s35_1.fastq.gz,Day1,ERA19381426,2019/10/09,Spain,43.2848° N,2.1714° W,,,Faeces,NA
,Apodemus_sylvaticus,Apodemus_sylvaticus,Pre_s35,Pre_s35_2.fastq.gz,Day1,ERA19381426,2019/10/09,Spain,43.2848° N,2.1714° W,,,Faeces,NA
,Apodemus_sylvaticus,Apodemus_sylvaticus,pre_s36,pre_s36_1.fastq.gz,Day1,ERA19381426,2019/10/09,Spain,43.2848° N,2.1714° W,,,Faeces,NA
,Apodemus_sylvaticus,Apodemus_sylvaticus,pre_s36,pre_s36_2.fastq.gz,Day1,ERA19381426,2019/10/09,Spain,43.2848° N,2.1714° W,,,Faeces,NA
,Apodemus_sylvaticus,Apodemus_sylvaticus,pre_s4,pre_s4_1.fastq.gz,Day1,ERA19381426,2019/10/09,Spain,43.2848° N,2.1714° W,,,Faeces,NA
,Apodemus_sylvaticus,Apodemus_sylvaticus,pre_s4,pre_s4_2.fastq.gz,Day1,ERA19381426,2019/10/09,Spain,43.2848° N,2.1714° W,,,Faeces,NA
,Apodemus_sylvaticus,Apodemus_sylvaticus,pre_s5,pre_s5_1.fastq.gz,Day1,ERA19381426,2019/10/09,Spain,43.2848° N,2.1714° W,,,Faeces,NA
,Apodemus_sylvaticus,Apodemus_sylvaticus,pre_s5,pre_s5_2.fastq.gz,Day1,ERA19381426,2019/10/09,Spain,43.2848° N,2.1714° W,,,Faeces,NA
,Apodemus_sylvaticus,Apodemus_sylvaticus,Pre_s6,Pre_s6_1.fastq.gz,Day1,ERA19381426,2019/10/09,Spain,43.2848° N,2.1714° W,,,Faeces,NA
,Apodemus_sylvaticus,Apodemus_sylvaticus,Pre_s6,Pre_s6_2.fastq.gz,Day1,ERA19381426,2019/10/09,Spain,43.2848° N,2.1714° W,,,Faeces,NA
,Crocidura_russula,Crocidura_russula,Pre_s9,Pre_s9_1.fastq.gz,Day1,ERA19381426,2019/10/09,Spain,43.2848° N,2.1714° W,,,Faeces,NA
,Crocidura_russula,Crocidura_russula,Pre_s9,Pre_s9_2.fastq.gz,Day1,ERA19381426,2019/10/09,Spain,43.2848° N,2.1714° W,,,Faeces,NA
