Filename,sample_title,tax_id,scientific_name,sample_alias,project_name,geographic_location_country_andor_sea,geographic_location_latitude,geographic_location_longitude,environmental_medium,read_number,collection_date,sample_description
cold_s10_1.fastq.gz,cold_s10_1,Crocidura_russula,Crocidura_russula,cold_s10,ERA19381426,Spain,43.2848° N,2.1714° W,Faeces,1,2019/11/11,Cold
cold_s10_2.fastq.gz,cold_s10_2,Crocidura_russula,Crocidura_russula,cold_s10,ERA19381426,Spain,43.2848° N,2.1714° W,Faeces,2,2019/11/11,Cold
cold_s11_1.fastq.gz,cold_s11_1,Crocidura_russula,Crocidura_russula,cold_s11,ERA19381426,Spain,43.2848° N,2.1714° W,Faeces,1,2019/11/11,Cold
cold_s11_2.fastq.gz,cold_s11_2,Crocidura_russula,Crocidura_russula,cold_s11,ERA19381426,Spain,43.2848° N,2.1714° W,Faeces,2,2019/11/11,Cold
cold_s12_1.fastq.gz,cold_s12_1,Crocidura_russula,Crocidura_russula,cold_s12,ERA19381426,Spain,43.2848° N,2.1714° W,Faeces,1,2019/11/11,Cold
cold_s12_2.fastq.gz,cold_s12_2,Crocidura_russula,Crocidura_russula,cold_s12,ERA19381426,Spain,43.2848° N,2.1714° W,Faeces,2,2019/11/11,Cold
cold_s13_1.fastq.gz,cold_s13_1,Crocidura_russula,Crocidura_russula,cold_s13,ERA19381426,Spain,43.2848° N,2.1714° W,Faeces,1,2019/11/11,Cold
cold_s13_2.fastq.gz,cold_s13_2,Crocidura_russula,Crocidura_russula,cold_s13,ERA19381426,Spain,43.2848° N,2.1714° W,Faeces,2,2019/11/11,Cold
cold_s14_1.fastq.gz,cold_s14_1,Crocidura_russula,Crocidura_russula,cold_s14,ERA19381426,Spain,43.2848° N,2.1714° W,Faeces,1,2019/11/11,Cold
cold_s14_2.fastq.gz,cold_s14_2,Crocidura_russula,Crocidura_russula,cold_s14,ERA19381426,Spain,43.2848° N,2.1714° W,Faeces,2,2019/11/11,Cold
cold_s16_1.fastq.gz,cold_s16_1,Crocidura_russula,Crocidura_russula,cold_s16,ERA19381426,Spain,43.2848° N,2.1714° W,Faeces,1,2019/11/11,Cold
cold_s16_2.fastq.gz,cold_s16_2,Crocidura_russula,Crocidura_russula,cold_s16,ERA19381426,Spain,43.2848° N,2.1714° W,Faeces,2,2019/11/11,Cold
cold_s18_1.fastq.gz,cold_s18_1,Crocidura_russula,Crocidura_russula,cold_s18,ERA19381426,Spain,43.2848° N,2.1714° W,Faeces,1,2019/11/11,Cold
cold_s18_2.fastq.gz,cold_s18_2,Crocidura_russula,Crocidura_russula,cold_s18,ERA19381426,Spain,43.2848° N,2.1714° W,Faeces,2,2019/11/11,Cold
cold_s19_1.fastq.gz,cold_s19_1,Crocidura_russula,Crocidura_russula,cold_s19,ERA19381426,Spain,43.2848° N,2.1714° W,Faeces,1,2019/11/11,Cold
cold_s19_2.fastq.gz,cold_s19_2,Crocidura_russula,Crocidura_russula,cold_s19,ERA19381426,Spain,43.2848° N,2.1714° W,Faeces,2,2019/11/11,Cold
cold_s21_1.fastq.gz,cold_s21_1,Apodemus_sylvaticus,Apodemus_sylvaticus,cold_s21,ERA19381426,Spain,43.2848° N,2.1714° W,Faeces,1,2019/11/11,Cold
cold_s21_2.fastq.gz,cold_s21_2,Apodemus_sylvaticus,Apodemus_sylvaticus,cold_s21,ERA19381426,Spain,43.2848° N,2.1714° W,Faeces,2,2019/11/11,Cold
cold_s2_1.fastq.gz,cold_s2_1,Apodemus_sylvaticus,Apodemus_sylvaticus,cold_s2,ERA19381426,Spain,43.2848° N,2.1714° W,Faeces,1,2019/11/11,Cold
cold_s22_1.fastq.gz,cold_s22_1,Apodemus_sylvaticus,Apodemus_sylvaticus,cold_s22,ERA19381426,Spain,43.2848° N,2.1714° W,Faeces,1,2019/11/11,Cold
cold_s22_2.fastq.gz,cold_s22_2,Apodemus_sylvaticus,Apodemus_sylvaticus,cold_s22,ERA19381426,Spain,43.2848° N,2.1714° W,Faeces,2,2019/11/11,Cold
cold_s2_2.fastq.gz,cold_s2_2,Apodemus_sylvaticus,Apodemus_sylvaticus,cold_s2,ERA19381426,Spain,43.2848° N,2.1714° W,Faeces,2,2019/11/11,Cold
cold_s23_1.fastq.gz,cold_s23_1,Apodemus_sylvaticus,Apodemus_sylvaticus,cold_s23,ERA19381426,Spain,43.2848° N,2.1714° W,Faeces,1,2019/11/11,Cold
cold_s23_2.fastq.gz,cold_s23_2,Apodemus_sylvaticus,Apodemus_sylvaticus,cold_s23,ERA19381426,Spain,43.2848° N,2.1714° W,Faeces,2,2019/11/11,Cold
cold_s24_1.fastq.gz,cold_s24_1,Apodemus_sylvaticus,Apodemus_sylvaticus,cold_s24,ERA19381426,Spain,43.2848° N,2.1714° W,Faeces,1,2019/11/11,Cold
cold_s24_2.fastq.gz,cold_s24_2,Apodemus_sylvaticus,Apodemus_sylvaticus,cold_s24,ERA19381426,Spain,43.2848° N,2.1714° W,Faeces,2,2019/11/11,Cold
cold_s27_1.fastq.gz,cold_s27_1,Apodemus_sylvaticus,Apodemus_sylvaticus,cold_s27,ERA19381426,Spain,43.2848° N,2.1714° W,Faeces,1,2019/11/11,Cold
cold_s27_2.fastq.gz,cold_s27_2,Apodemus_sylvaticus,Apodemus_sylvaticus,cold_s27,ERA19381426,Spain,43.2848° N,2.1714° W,Faeces,2,2019/11/11,Cold
cold_s28_1.fastq.gz,cold_s28_1,Apodemus_sylvaticus,Apodemus_sylvaticus,cold_s28,ERA19381426,Spain,43.2848° N,2.1714° W,Faeces,1,2019/11/11,Cold
cold_s28_2.fastq.gz,cold_s28_2,Apodemus_sylvaticus,Apodemus_sylvaticus,cold_s28,ERA19381426,Spain,43.2848° N,2.1714° W,Faeces,2,2019/11/11,Cold
cold_s31_1.fastq.gz,cold_s31_1,Apodemus_sylvaticus,Apodemus_sylvaticus,cold_s31,ERA19381426,Spain,43.2848° N,2.1714° W,Faeces,1,2019/11/11,Cold
cold_s31_2.fastq.gz,cold_s31_2,Apodemus_sylvaticus,Apodemus_sylvaticus,cold_s31,ERA19381426,Spain,43.2848° N,2.1714° W,Faeces,2,2019/11/11,Cold
cold_s3_1.fastq.gz,cold_s3_1,Apodemus_sylvaticus,Apodemus_sylvaticus,cold_s3,ERA19381426,Spain,43.2848° N,2.1714° W,Faeces,1,2019/11/11,Cold
cold_s3_2.fastq.gz,cold_s3_2,Apodemus_sylvaticus,Apodemus_sylvaticus,cold_s3,ERA19381426,Spain,43.2848° N,2.1714° W,Faeces,2,2019/11/11,Cold
cold_s34_1.fastq.gz,cold_s34_1,Apodemus_sylvaticus,Apodemus_sylvaticus,cold_s34,ERA19381426,Spain,43.2848° N,2.1714° W,Faeces,1,2019/11/11,Cold
cold_s34_2.fastq.gz,cold_s34_2,Apodemus_sylvaticus,Apodemus_sylvaticus,cold_s34,ERA19381426,Spain,43.2848° N,2.1714° W,Faeces,2,2019/11/11,Cold
cold_s35_1.fastq.gz,cold_s35_1,Apodemus_sylvaticus,Apodemus_sylvaticus,cold_s35,ERA19381426,Spain,43.2848° N,2.1714° W,Faeces,1,2019/11/11,Cold
cold_s35_2.fastq.gz,cold_s35_2,Apodemus_sylvaticus,Apodemus_sylvaticus,cold_s35,ERA19381426,Spain,43.2848° N,2.1714° W,Faeces,2,2019/11/11,Cold
cold_s36_1.fastq.gz,cold_s36_1,Apodemus_sylvaticus,Apodemus_sylvaticus,cold_s36,ERA19381426,Spain,43.2848° N,2.1714° W,Faeces,1,2019/11/11,Cold
cold_s36_2.fastq.gz,cold_s36_2,Apodemus_sylvaticus,Apodemus_sylvaticus,cold_s36,ERA19381426,Spain,43.2848° N,2.1714° W,Faeces,2,2019/11/11,Cold
cold_s4_1.fastq.gz,cold_s4_1,Apodemus_sylvaticus,Apodemus_sylvaticus,cold_s4,ERA19381426,Spain,43.2848° N,2.1714° W,Faeces,1,2019/11/11,Cold
cold_s4_2.fastq.gz,cold_s4_2,Apodemus_sylvaticus,Apodemus_sylvaticus,cold_s4,ERA19381426,Spain,43.2848° N,2.1714° W,Faeces,2,2019/11/11,Cold
cold_s5_1.fastq.gz,cold_s5_1,Apodemus_sylvaticus,Apodemus_sylvaticus,cold_s5,ERA19381426,Spain,43.2848° N,2.1714° W,Faeces,1,2019/11/11,Cold
cold_s5_2.fastq.gz,cold_s5_2,Apodemus_sylvaticus,Apodemus_sylvaticus,cold_s5,ERA19381426,Spain,43.2848° N,2.1714° W,Faeces,2,2019/11/11,Cold
cold_s6_1.fastq.gz,cold_s6_1,Apodemus_sylvaticus,Apodemus_sylvaticus,cold_s6,ERA19381426,Spain,43.2848° N,2.1714° W,Faeces,1,2019/11/11,Cold
cold_s6_2.fastq.gz,cold_s6_2,Apodemus_sylvaticus,Apodemus_sylvaticus,cold_s6,ERA19381426,Spain,43.2848° N,2.1714° W,Faeces,2,2019/11/11,Cold
cold_s9_1.fastq.gz,cold_s9_1,Crocidura_russula,Crocidura_russula,cold_s9,ERA19381426,Spain,43.2848° N,2.1714° W,Faeces,1,2019/11/11,Cold
cold_s9_2.fastq.gz,cold_s9_2,Crocidura_russula,Crocidura_russula,cold_s9,ERA19381426,Spain,43.2848° N,2.1714° W,Faeces,2,2019/11/11,Cold
diet_s10_1.fastq.gz,diet_s10_1,Crocidura_russula,Crocidura_russula,diet_s10,ERA19381426,Spain,43.2848° N,2.1714° W,Faeces,1,2019/11/23,Diet
diet_s10_2.fastq.gz,diet_s10_2,Crocidura_russula,Crocidura_russula,diet_s10,ERA19381426,Spain,43.2848° N,2.1714° W,Faeces,2,2019/11/23,Diet
diet_s11_1.fastq.gz,diet_s11_1,Crocidura_russula,Crocidura_russula,diet_s11,ERA19381426,Spain,43.2848° N,2.1714° W,Faeces,1,2019/11/23,Diet
diet_s11_2.fastq.gz,diet_s11_2,Crocidura_russula,Crocidura_russula,diet_s11,ERA19381426,Spain,43.2848° N,2.1714° W,Faeces,2,2019/11/23,Diet
diet_s12_1.fastq.gz,diet_s12_1,Crocidura_russula,Crocidura_russula,diet_s12,ERA19381426,Spain,43.2848° N,2.1714° W,Faeces,1,2019/11/23,Diet
Diet_s12_1.fastq.gz,Diet_s12_1,Crocidura_russula,Crocidura_russula,Diet_s12,ERA19381426,Spain,43.2848° N,2.1714° W,Faeces,1,NA,NA
diet_s12_2.fastq.gz,diet_s12_2,Crocidura_russula,Crocidura_russula,diet_s12,ERA19381426,Spain,43.2848° N,2.1714° W,Faeces,2,2019/11/23,Diet
Diet_s12_2.fastq.gz,Diet_s12_2,Crocidura_russula,Crocidura_russula,Diet_s12,ERA19381426,Spain,43.2848° N,2.1714° W,Faeces,2,NA,NA
diet_s13_1.fastq.gz,diet_s13_1,Crocidura_russula,Crocidura_russula,diet_s13,ERA19381426,Spain,43.2848° N,2.1714° W,Faeces,1,2019/11/23,Diet
diet_s13_2.fastq.gz,diet_s13_2,Crocidura_russula,Crocidura_russula,diet_s13,ERA19381426,Spain,43.2848° N,2.1714° W,Faeces,2,2019/11/23,Diet
diet_s14_1.fastq.gz,diet_s14_1,Crocidura_russula,Crocidura_russula,diet_s14,ERA19381426,Spain,43.2848° N,2.1714° W,Faeces,1,2019/11/23,Diet
diet_s14_2.fastq.gz,diet_s14_2,Crocidura_russula,Crocidura_russula,diet_s14,ERA19381426,Spain,43.2848° N,2.1714° W,Faeces,2,2019/11/23,Diet
diet_s16_1.fastq.gz,diet_s16_1,Crocidura_russula,Crocidura_russula,diet_s16,ERA19381426,Spain,43.2848° N,2.1714° W,Faeces,1,2019/11/23,Diet
diet_s16_2.fastq.gz,diet_s16_2,Crocidura_russula,Crocidura_russula,diet_s16,ERA19381426,Spain,43.2848° N,2.1714° W,Faeces,2,2019/11/23,Diet
diet_s18_1.fastq.gz,diet_s18_1,Crocidura_russula,Crocidura_russula,diet_s18,ERA19381426,Spain,43.2848° N,2.1714° W,Faeces,1,2019/11/23,Diet
diet_s18_2.fastq.gz,diet_s18_2,Crocidura_russula,Crocidura_russula,diet_s18,ERA19381426,Spain,43.2848° N,2.1714° W,Faeces,2,2019/11/23,Diet
diet_s19_1.fastq.gz,diet_s19_1,Crocidura_russula,Crocidura_russula,diet_s19,ERA19381426,Spain,43.2848° N,2.1714° W,Faeces,1,2019/11/23,Diet
diet_s19_2.fastq.gz,diet_s19_2,Crocidura_russula,Crocidura_russula,diet_s19,ERA19381426,Spain,43.2848° N,2.1714° W,Faeces,2,2019/11/23,Diet
diet_s2_1.fastq.gz,diet_s2_1,Apodemus_sylvaticus,Apodemus_sylvaticus,diet_s2,ERA19381426,Spain,43.2848° N,2.1714° W,Faeces,1,2019/11/23,Diet
diet_s2_2.fastq.gz,diet_s2_2,Apodemus_sylvaticus,Apodemus_sylvaticus,diet_s2,ERA19381426,Spain,43.2848° N,2.1714° W,Faeces,2,2019/11/23,Diet
diet_s23_1.fastq.gz,diet_s23_1,Apodemus_sylvaticus,Apodemus_sylvaticus,diet_s23,ERA19381426,Spain,43.2848° N,2.1714° W,Faeces,1,2019/11/23,Diet
diet_s23_2.fastq.gz,diet_s23_2,Apodemus_sylvaticus,Apodemus_sylvaticus,diet_s23,ERA19381426,Spain,43.2848° N,2.1714° W,Faeces,2,2019/11/23,Diet
diet_s24_1.fastq.gz,diet_s24_1,Apodemus_sylvaticus,Apodemus_sylvaticus,diet_s24,ERA19381426,Spain,43.2848° N,2.1714° W,Faeces,1,2019/11/23,Diet
diet_s24_2.fastq.gz,diet_s24_2,Apodemus_sylvaticus,Apodemus_sylvaticus,diet_s24,ERA19381426,Spain,43.2848° N,2.1714° W,Faeces,2,2019/11/23,Diet
diet_s28_1.fastq.gz,diet_s28_1,Apodemus_sylvaticus,Apodemus_sylvaticus,diet_s28,ERA19381426,Spain,43.2848° N,2.1714° W,Faeces,1,2019/11/23,Diet
diet_s28_2.fastq.gz,diet_s28_2,Apodemus_sylvaticus,Apodemus_sylvaticus,diet_s28,ERA19381426,Spain,43.2848° N,2.1714° W,Faeces,2,2019/11/23,Diet
diet_s31_1.fastq.gz,diet_s31_1,Apodemus_sylvaticus,Apodemus_sylvaticus,diet_s31,ERA19381426,Spain,43.2848° N,2.1714° W,Faeces,1,2019/11/23,Diet
diet_s31_2.fastq.gz,diet_s31_2,Apodemus_sylvaticus,Apodemus_sylvaticus,diet_s31,ERA19381426,Spain,43.2848° N,2.1714° W,Faeces,2,2019/11/23,Diet
diet_s34_1.fastq.gz,diet_s34_1,Apodemus_sylvaticus,Apodemus_sylvaticus,diet_s34,ERA19381426,Spain,43.2848° N,2.1714° W,Faeces,1,2019/11/23,Diet
diet_s34_2.fastq.gz,diet_s34_2,Apodemus_sylvaticus,Apodemus_sylvaticus,diet_s34,ERA19381426,Spain,43.2848° N,2.1714° W,Faeces,2,2019/11/23,Diet
diet_s35_1.fastq.gz,diet_s35_1,Apodemus_sylvaticus,Apodemus_sylvaticus,diet_s35,ERA19381426,Spain,43.2848° N,2.1714° W,Faeces,1,2019/11/23,Diet
diet_s35_2.fastq.gz,diet_s35_2,Apodemus_sylvaticus,Apodemus_sylvaticus,diet_s35,ERA19381426,Spain,43.2848° N,2.1714° W,Faeces,2,2019/11/23,Diet
diet_s36_1.fastq.gz,diet_s36_1,Apodemus_sylvaticus,Apodemus_sylvaticus,diet_s36,ERA19381426,Spain,43.2848° N,2.1714° W,Faeces,1,2019/11/23,Diet
diet_s36_2.fastq.gz,diet_s36_2,Apodemus_sylvaticus,Apodemus_sylvaticus,diet_s36,ERA19381426,Spain,43.2848° N,2.1714° W,Faeces,2,2019/11/23,Diet
diet_s5_1.fastq.gz,diet_s5_1,Apodemus_sylvaticus,Apodemus_sylvaticus,diet_s5,ERA19381426,Spain,43.2848° N,2.1714° W,Faeces,1,2019/11/23,Diet
diet_s5_2.fastq.gz,diet_s5_2,Apodemus_sylvaticus,Apodemus_sylvaticus,diet_s5,ERA19381426,Spain,43.2848° N,2.1714° W,Faeces,2,2019/11/23,Diet
diet_s6_1.fastq.gz,diet_s6_1,Apodemus_sylvaticus,Apodemus_sylvaticus,diet_s6,ERA19381426,Spain,43.2848° N,2.1714° W,Faeces,1,2019/11/23,Diet
diet_s6_2.fastq.gz,diet_s6_2,Apodemus_sylvaticus,Apodemus_sylvaticus,diet_s6,ERA19381426,Spain,43.2848° N,2.1714° W,Faeces,2,2019/11/23,Diet
diet_s9_1.fastq.gz,diet_s9_1,Crocidura_russula,Crocidura_russula,diet_s9,ERA19381426,Spain,43.2848° N,2.1714° W,Faeces,1,2019/11/23,Diet
diet_s9_2.fastq.gz,diet_s9_2,Crocidura_russula,Crocidura_russula,diet_s9,ERA19381426,Spain,43.2848° N,2.1714° W,Faeces,2,2019/11/23,Diet
Extractioncontrol1_1.fastq.gz,Extractioncontrol1_1,Apodemus_sylvaticus,Apodemus_sylvaticus,Extractioncontrol1,ERA19381426,Spain,43.2848° N,2.1714° W,Faeces,1,NA,NA
Extractioncontrol1_2.fastq.gz,Extractioncontrol1_2,Apodemus_sylvaticus,Apodemus_sylvaticus,Extractioncontrol1,ERA19381426,Spain,43.2848° N,2.1714° W,Faeces,2,NA,NA
extraction_control_pool2_1.fastq.gz,extraction_control_pool2_1,Apodemus_sylvaticus,Apodemus_sylvaticus,extraction_control_pool2,ERA19381426,Spain,43.2848° N,2.1714° W,Faeces,1,NA,NA
extraction_control_pool2_2.fastq.gz,extraction_control_pool2_2,Apodemus_sylvaticus,Apodemus_sylvaticus,extraction_control_pool2,ERA19381426,Spain,43.2848° N,2.1714° W,Faeces,2,NA,NA
Extraction_control_pool3_4_R1_1.fastq.gz,Extraction_control_pool3_4_R1_1,Apodemus_sylvaticus,Apodemus_sylvaticus,Extraction_control_pool3_4_R1,ERA19381426,Spain,43.2848° N,2.1714° W,Faeces,1,NA,NA
Extraction_control_pool3_4_R1_2.fastq.gz,Extraction_control_pool3_4_R1_2,Apodemus_sylvaticus,Apodemus_sylvaticus,Extraction_control_pool3_4_R1,ERA19381426,Spain,43.2848° N,2.1714° W,Faeces,2,NA,NA
Extraction_control_pool3_4_R2_1.fastq.gz,Extraction_control_pool3_4_R2_1,Apodemus_sylvaticus,Apodemus_sylvaticus,Extraction_control_pool3_4_R2,ERA19381426,Spain,43.2848° N,2.1714° W,Faeces,1,NA,NA
Extraction_control_pool3_4_R2_2.fastq.gz,Extraction_control_pool3_4_R2_2,Apodemus_sylvaticus,Apodemus_sylvaticus,Extraction_control_pool3_4_R2,ERA19381426,Spain,43.2848° N,2.1714° W,Faeces,2,NA,NA
Extractioncontrol_pool5_1.fastq.gz,Extractioncontrol_pool5_1,Apodemus_sylvaticus,Apodemus_sylvaticus,Extractioncontrol_pool5,ERA19381426,Spain,43.2848° N,2.1714° W,Faeces,1,NA,NA
Extractioncontrol_pool5_2.fastq.gz,Extractioncontrol_pool5_2,Apodemus_sylvaticus,Apodemus_sylvaticus,Extractioncontrol_pool5,ERA19381426,Spain,43.2848° N,2.1714° W,Faeces,2,NA,NA
Extraction_control_pool6_r1_1.fastq.gz,Extraction_control_pool6_r1_1,Apodemus_sylvaticus,Apodemus_sylvaticus,Extraction_control_pool6_r1,ERA19381426,Spain,43.2848° N,2.1714° W,Faeces,1,NA,NA
Extraction_control_pool6_r1_2.fastq.gz,Extraction_control_pool6_r1_2,Apodemus_sylvaticus,Apodemus_sylvaticus,Extraction_control_pool6_r1,ERA19381426,Spain,43.2848° N,2.1714° W,Faeces,2,NA,NA
Extraction_control_pool6_r2_1.fastq.gz,Extraction_control_pool6_r2_1,Apodemus_sylvaticus,Apodemus_sylvaticus,Extraction_control_pool6_r2,ERA19381426,Spain,43.2848° N,2.1714° W,Faeces,1,NA,NA
Extraction_control_pool6_r2_2.fastq.gz,Extraction_control_pool6_r2_2,Apodemus_sylvaticus,Apodemus_sylvaticus,Extraction_control_pool6_r2,ERA19381426,Spain,43.2848° N,2.1714° W,Faeces,2,NA,NA
Extraction_control_pool7_1.fastq.gz,Extraction_control_pool7_1,Apodemus_sylvaticus,Apodemus_sylvaticus,Extraction_control_pool7,ERA19381426,Spain,43.2848° N,2.1714° W,Faeces,1,NA,NA
Extraction_control_pool7_2.fastq.gz,Extraction_control_pool7_2,Apodemus_sylvaticus,Apodemus_sylvaticus,Extraction_control_pool7,ERA19381426,Spain,43.2848° N,2.1714° W,Faeces,2,NA,NA
Extraction_control_pool8_1.fastq.gz,Extraction_control_pool8_1,Apodemus_sylvaticus,Apodemus_sylvaticus,Extraction_control_pool8,ERA19381426,Spain,43.2848° N,2.1714° W,Faeces,1,NA,NA
Extraction_control_pool8_2.fastq.gz,Extraction_control_pool8_2,Apodemus_sylvaticus,Apodemus_sylvaticus,Extraction_control_pool8,ERA19381426,Spain,43.2848° N,2.1714° W,Faeces,2,NA,NA
Extraction_control_pool9_r1_1.fastq.gz,Extraction_control_pool9_r1_1,Apodemus_sylvaticus,Apodemus_sylvaticus,Extraction_control_pool9_r1,ERA19381426,Spain,43.2848° N,2.1714° W,Faeces,1,NA,NA
Extraction_control_pool9_r1_2.fastq.gz,Extraction_control_pool9_r1_2,Apodemus_sylvaticus,Apodemus_sylvaticus,Extraction_control_pool9_r1,ERA19381426,Spain,43.2848° N,2.1714° W,Faeces,2,NA,NA
Extraction_control_pool9_r2_1.fastq.gz,Extraction_control_pool9_r2_1,Apodemus_sylvaticus,Apodemus_sylvaticus,Extraction_control_pool9_r2,ERA19381426,Spain,43.2848° N,2.1714° W,Faeces,1,NA,NA
Extraction_control_pool9_r2_2.fastq.gz,Extraction_control_pool9_r2_2,Apodemus_sylvaticus,Apodemus_sylvaticus,Extraction_control_pool9_r2,ERA19381426,Spain,43.2848° N,2.1714° W,Faeces,2,NA,NA
heat_s10_1.fastq.gz,heat_s10_1,Crocidura_russula,Crocidura_russula,heat_s10,ERA19381426,Spain,43.2848° N,2.1714° W,Faeces,1,2019/10/28,Heat
heat_s10_2.fastq.gz,heat_s10_2,Crocidura_russula,Crocidura_russula,heat_s10,ERA19381426,Spain,43.2848° N,2.1714° W,Faeces,2,2019/10/28,Heat
heat_s11_1.fastq.gz,heat_s11_1,Crocidura_russula,Crocidura_russula,heat_s11,ERA19381426,Spain,43.2848° N,2.1714° W,Faeces,1,2019/10/28,Heat
heat_s11_2.fastq.gz,heat_s11_2,Crocidura_russula,Crocidura_russula,heat_s11,ERA19381426,Spain,43.2848° N,2.1714° W,Faeces,2,2019/10/28,Heat
heat_s12_1.fastq.gz,heat_s12_1,Crocidura_russula,Crocidura_russula,heat_s12,ERA19381426,Spain,43.2848° N,2.1714° W,Faeces,1,2019/10/28,Heat
heat_s12_2.fastq.gz,heat_s12_2,Crocidura_russula,Crocidura_russula,heat_s12,ERA19381426,Spain,43.2848° N,2.1714° W,Faeces,2,2019/10/28,Heat
Heat_s13_1.fastq.gz,Heat_s13_1,Crocidura_russula,Crocidura_russula,Heat_s13,ERA19381426,Spain,43.2848° N,2.1714° W,Faeces,1,2019/10/28,Heat
Heat_s13_2.fastq.gz,Heat_s13_2,Crocidura_russula,Crocidura_russula,Heat_s13,ERA19381426,Spain,43.2848° N,2.1714° W,Faeces,2,2019/10/28,Heat
heat_s14_1.fastq.gz,heat_s14_1,Crocidura_russula,Crocidura_russula,heat_s14,ERA19381426,Spain,43.2848° N,2.1714° W,Faeces,1,2019/10/28,Heat
heat_s14_2.fastq.gz,heat_s14_2,Crocidura_russula,Crocidura_russula,heat_s14,ERA19381426,Spain,43.2848° N,2.1714° W,Faeces,2,2019/10/28,Heat
heat_s16_1.fastq.gz,heat_s16_1,Crocidura_russula,Crocidura_russula,heat_s16,ERA19381426,Spain,43.2848° N,2.1714° W,Faeces,1,2019/10/28,Heat
heat_s16_2.fastq.gz,heat_s16_2,Crocidura_russula,Crocidura_russula,heat_s16,ERA19381426,Spain,43.2848° N,2.1714° W,Faeces,2,2019/10/28,Heat
heat_s18_1.fastq.gz,heat_s18_1,Crocidura_russula,Crocidura_russula,heat_s18,ERA19381426,Spain,43.2848° N,2.1714° W,Faeces,1,2019/10/28,Heat
heat_s18_2.fastq.gz,heat_s18_2,Crocidura_russula,Crocidura_russula,heat_s18,ERA19381426,Spain,43.2848° N,2.1714° W,Faeces,2,2019/10/28,Heat
heat_s19_1.fastq.gz,heat_s19_1,Crocidura_russula,Crocidura_russula,heat_s19,ERA19381426,Spain,43.2848° N,2.1714° W,Faeces,1,2019/10/28,Heat
heat_s19_2.fastq.gz,heat_s19_2,Crocidura_russula,Crocidura_russula,heat_s19,ERA19381426,Spain,43.2848° N,2.1714° W,Faeces,2,2019/10/28,Heat
Heat_s21_1.fastq.gz,Heat_s21_1,Apodemus_sylvaticus,Apodemus_sylvaticus,Heat_s21,ERA19381426,Spain,43.2848° N,2.1714° W,Faeces,1,2019/10/28,Heat
Heat_s21_2.fastq.gz,Heat_s21_2,Apodemus_sylvaticus,Apodemus_sylvaticus,Heat_s21,ERA19381426,Spain,43.2848° N,2.1714° W,Faeces,2,2019/10/28,Heat
Heat_s2_1.fastq.gz,Heat_s2_1,Apodemus_sylvaticus,Apodemus_sylvaticus,Heat_s2,ERA19381426,Spain,43.2848° N,2.1714° W,Faeces,1,2019/10/28,Heat
Heat_s22_1.fastq.gz,Heat_s22_1,Apodemus_sylvaticus,Apodemus_sylvaticus,Heat_s22,ERA19381426,Spain,43.2848° N,2.1714° W,Faeces,1,2019/10/28,Heat
Heat_s22_2.fastq.gz,Heat_s22_2,Apodemus_sylvaticus,Apodemus_sylvaticus,Heat_s22,ERA19381426,Spain,43.2848° N,2.1714° W,Faeces,2,2019/10/28,Heat
Heat_s2_2.fastq.gz,Heat_s2_2,Apodemus_sylvaticus,Apodemus_sylvaticus,Heat_s2,ERA19381426,Spain,43.2848° N,2.1714° W,Faeces,2,2019/10/28,Heat
heat_s23_1.fastq.gz,heat_s23_1,Apodemus_sylvaticus,Apodemus_sylvaticus,heat_s23,ERA19381426,Spain,43.2848° N,2.1714° W,Faeces,1,2019/10/28,Heat
heat_s23_2.fastq.gz,heat_s23_2,Apodemus_sylvaticus,Apodemus_sylvaticus,heat_s23,ERA19381426,Spain,43.2848° N,2.1714° W,Faeces,2,2019/10/28,Heat
heat_s24_1.fastq.gz,heat_s24_1,Apodemus_sylvaticus,Apodemus_sylvaticus,heat_s24,ERA19381426,Spain,43.2848° N,2.1714° W,Faeces,1,2019/10/28,Heat
Heat_s24_1.fastq.gz,Heat_s24_1,Apodemus_sylvaticus,Apodemus_sylvaticus,Heat_s24,ERA19381426,Spain,43.2848° N,2.1714° W,Faeces,1,2019/10/28,Heat
heat_s24_2.fastq.gz,heat_s24_2,Apodemus_sylvaticus,Apodemus_sylvaticus,heat_s24,ERA19381426,Spain,43.2848° N,2.1714° W,Faeces,2,2019/10/28,Heat
Heat_s24_2.fastq.gz,Heat_s24_2,Apodemus_sylvaticus,Apodemus_sylvaticus,Heat_s24,ERA19381426,Spain,43.2848° N,2.1714° W,Faeces,2,2019/10/28,Heat
heat_s27_1.fastq.gz,heat_s27_1,Apodemus_sylvaticus,Apodemus_sylvaticus,heat_s27,ERA19381426,Spain,43.2848° N,2.1714° W,Faeces,1,2019/10/28,Heat
heat_s27_2.fastq.gz,heat_s27_2,Apodemus_sylvaticus,Apodemus_sylvaticus,heat_s27,ERA19381426,Spain,43.2848° N,2.1714° W,Faeces,2,2019/10/28,Heat
Heat_s28_1.fastq.gz,Heat_s28_1,Apodemus_sylvaticus,Apodemus_sylvaticus,Heat_s28,ERA19381426,Spain,43.2848° N,2.1714° W,Faeces,1,2019/10/28,Heat
Heat_s28_2.fastq.gz,Heat_s28_2,Apodemus_sylvaticus,Apodemus_sylvaticus,Heat_s28,ERA19381426,Spain,43.2848° N,2.1714° W,Faeces,2,2019/10/28,Heat
heat_s31_1.fastq.gz,heat_s31_1,Apodemus_sylvaticus,Apodemus_sylvaticus,heat_s31,ERA19381426,Spain,43.2848° N,2.1714° W,Faeces,1,2019/10/28,Heat
heat_s31_2.fastq.gz,heat_s31_2,Apodemus_sylvaticus,Apodemus_sylvaticus,heat_s31,ERA19381426,Spain,43.2848° N,2.1714° W,Faeces,2,2019/10/28,Heat
heat_s3_1.fastq.gz,heat_s3_1,Apodemus_sylvaticus,Apodemus_sylvaticus,heat_s3,ERA19381426,Spain,43.2848° N,2.1714° W,Faeces,1,2019/10/28,Heat
heat_s3_2.fastq.gz,heat_s3_2,Apodemus_sylvaticus,Apodemus_sylvaticus,heat_s3,ERA19381426,Spain,43.2848° N,2.1714° W,Faeces,2,2019/10/28,Heat
heat_s35_1.fastq.gz,heat_s35_1,Apodemus_sylvaticus,Apodemus_sylvaticus,heat_s35,ERA19381426,Spain,43.2848° N,2.1714° W,Faeces,1,2019/10/28,Heat
heat_s35_2.fastq.gz,heat_s35_2,Apodemus_sylvaticus,Apodemus_sylvaticus,heat_s35,ERA19381426,Spain,43.2848° N,2.1714° W,Faeces,2,2019/10/28,Heat
heat_s36_1.fastq.gz,heat_s36_1,Apodemus_sylvaticus,Apodemus_sylvaticus,heat_s36,ERA19381426,Spain,43.2848° N,2.1714° W,Faeces,1,2019/10/28,Heat
heat_s36_2.fastq.gz,heat_s36_2,Apodemus_sylvaticus,Apodemus_sylvaticus,heat_s36,ERA19381426,Spain,43.2848° N,2.1714° W,Faeces,2,2019/10/28,Heat
heat_s4_1.fastq.gz,heat_s4_1,Apodemus_sylvaticus,Apodemus_sylvaticus,heat_s4,ERA19381426,Spain,43.2848° N,2.1714° W,Faeces,1,2019/10/28,Heat
heat_s4_2.fastq.gz,heat_s4_2,Apodemus_sylvaticus,Apodemus_sylvaticus,heat_s4,ERA19381426,Spain,43.2848° N,2.1714° W,Faeces,2,2019/10/28,Heat
heat_s5_1.fastq.gz,heat_s5_1,Apodemus_sylvaticus,Apodemus_sylvaticus,heat_s5,ERA19381426,Spain,43.2848° N,2.1714° W,Faeces,1,2019/10/28,Heat
heat_s5_2.fastq.gz,heat_s5_2,Apodemus_sylvaticus,Apodemus_sylvaticus,heat_s5,ERA19381426,Spain,43.2848° N,2.1714° W,Faeces,2,2019/10/28,Heat
Heat_s6_1.fastq.gz,Heat_s6_1,Apodemus_sylvaticus,Apodemus_sylvaticus,Heat_s6,ERA19381426,Spain,43.2848° N,2.1714° W,Faeces,1,2019/10/28,Heat
Heat_s6_2.fastq.gz,Heat_s6_2,Apodemus_sylvaticus,Apodemus_sylvaticus,Heat_s6,ERA19381426,Spain,43.2848° N,2.1714° W,Faeces,2,2019/10/28,Heat
Heat_s9_1.fastq.gz,Heat_s9_1,Crocidura_russula,Crocidura_russula,Heat_s9,ERA19381426,Spain,43.2848° N,2.1714° W,Faeces,1,2019/10/28,Heat
Heat_s9_2.fastq.gz,Heat_s9_2,Crocidura_russula,Crocidura_russula,Heat_s9,ERA19381426,Spain,43.2848° N,2.1714° W,Faeces,2,2019/10/28,Heat
m10_cold_1.fastq.gz,m10_cold_1,Apodemus_sylvaticus,Apodemus_sylvaticus,m10_cold,ERA19381426,Spain,43.2848° N,2.1714° W,Faeces,1,2019/11/11,Cold
m10_cold_2.fastq.gz,m10_cold_2,Apodemus_sylvaticus,Apodemus_sylvaticus,m10_cold,ERA19381426,Spain,43.2848° N,2.1714° W,Faeces,2,2019/11/11,Cold
m10_diet_1.fastq.gz,m10_diet_1,Apodemus_sylvaticus,Apodemus_sylvaticus,m10_diet,ERA19381426,Spain,43.2848° N,2.1714° W,Faeces,1,2019/11/23,Diet
m10_diet_2.fastq.gz,m10_diet_2,Apodemus_sylvaticus,Apodemus_sylvaticus,m10_diet,ERA19381426,Spain,43.2848° N,2.1714° W,Faeces,2,2019/11/23,Diet
m10_heat_1.fastq.gz,m10_heat_1,Apodemus_sylvaticus,Apodemus_sylvaticus,m10_heat,ERA19381426,Spain,43.2848° N,2.1714° W,Faeces,1,2019/10/28,Heat
m10_heat_2.fastq.gz,m10_heat_2,Apodemus_sylvaticus,Apodemus_sylvaticus,m10_heat,ERA19381426,Spain,43.2848° N,2.1714° W,Faeces,2,2019/10/28,Heat
m10_post_1.fastq.gz,m10_post_1,Apodemus_sylvaticus,Apodemus_sylvaticus,m10_post,ERA19381426,Spain,43.2848° N,2.1714° W,Faeces,1,2019/10/16,Acclimation
m10_post_2.fastq.gz,m10_post_2,Apodemus_sylvaticus,Apodemus_sylvaticus,m10_post,ERA19381426,Spain,43.2848° N,2.1714° W,Faeces,2,2019/10/16,Acclimation
m10_pre_1.fastq.gz,m10_pre_1,Apodemus_sylvaticus,Apodemus_sylvaticus,m10_pre,ERA19381426,Spain,43.2848° N,2.1714° W,Faeces,1,2019/10/09,Day1
m10_pre_2.fastq.gz,m10_pre_2,Apodemus_sylvaticus,Apodemus_sylvaticus,m10_pre,ERA19381426,Spain,43.2848° N,2.1714° W,Faeces,2,2019/10/09,Day1
m11_cold_1.fastq.gz,m11_cold_1,Apodemus_sylvaticus,Apodemus_sylvaticus,m11_cold,ERA19381426,Spain,43.2848° N,2.1714° W,Faeces,1,2019/11/11,Cold
m11_cold_2.fastq.gz,m11_cold_2,Apodemus_sylvaticus,Apodemus_sylvaticus,m11_cold,ERA19381426,Spain,43.2848° N,2.1714° W,Faeces,2,2019/11/11,Cold
m11_diet_1.fastq.gz,m11_diet_1,Apodemus_sylvaticus,Apodemus_sylvaticus,m11_diet,ERA19381426,Spain,43.2848° N,2.1714° W,Faeces,1,2019/11/23,Diet
m11_diet_2.fastq.gz,m11_diet_2,Apodemus_sylvaticus,Apodemus_sylvaticus,m11_diet,ERA19381426,Spain,43.2848° N,2.1714° W,Faeces,2,2019/11/23,Diet
m11_heat_1.fastq.gz,m11_heat_1,Apodemus_sylvaticus,Apodemus_sylvaticus,m11_heat,ERA19381426,Spain,43.2848° N,2.1714° W,Faeces,1,2019/10/28,Heat
m11_heat_2.fastq.gz,m11_heat_2,Apodemus_sylvaticus,Apodemus_sylvaticus,m11_heat,ERA19381426,Spain,43.2848° N,2.1714° W,Faeces,2,2019/10/28,Heat
m11_post_1.fastq.gz,m11_post_1,Apodemus_sylvaticus,Apodemus_sylvaticus,m11_post,ERA19381426,Spain,43.2848° N,2.1714° W,Faeces,1,2019/10/16,Acclimation
m11_post_2.fastq.gz,m11_post_2,Apodemus_sylvaticus,Apodemus_sylvaticus,m11_post,ERA19381426,Spain,43.2848° N,2.1714° W,Faeces,2,2019/10/16,Acclimation
m11_pre_1.fastq.gz,m11_pre_1,Apodemus_sylvaticus,Apodemus_sylvaticus,m11_pre,ERA19381426,Spain,43.2848° N,2.1714° W,Faeces,1,2019/10/09,Day1
m11_pre_2.fastq.gz,m11_pre_2,Apodemus_sylvaticus,Apodemus_sylvaticus,m11_pre,ERA19381426,Spain,43.2848° N,2.1714° W,Faeces,2,2019/10/09,Day1
m12_diet_1.fastq.gz,m12_diet_1,Apodemus_sylvaticus,Apodemus_sylvaticus,m12_diet,ERA19381426,Spain,43.2848° N,2.1714° W,Faeces,1,2019/11/23,Diet
m12_diet_2.fastq.gz,m12_diet_2,Apodemus_sylvaticus,Apodemus_sylvaticus,m12_diet,ERA19381426,Spain,43.2848° N,2.1714° W,Faeces,2,2019/11/23,Diet
m12_heat_1.fastq.gz,m12_heat_1,Apodemus_sylvaticus,Apodemus_sylvaticus,m12_heat,ERA19381426,Spain,43.2848° N,2.1714° W,Faeces,1,2019/10/28,Heat
m12_heat_2.fastq.gz,m12_heat_2,Apodemus_sylvaticus,Apodemus_sylvaticus,m12_heat,ERA19381426,Spain,43.2848° N,2.1714° W,Faeces,2,2019/10/28,Heat
m12_post_1.fastq.gz,m12_post_1,Apodemus_sylvaticus,Apodemus_sylvaticus,m12_post,ERA19381426,Spain,43.2848° N,2.1714° W,Faeces,1,2019/10/16,Acclimation
m12_post_2.fastq.gz,m12_post_2,Apodemus_sylvaticus,Apodemus_sylvaticus,m12_post,ERA19381426,Spain,43.2848° N,2.1714° W,Faeces,2,2019/10/16,Acclimation
m12_pre_1.fastq.gz,m12_pre_1,Apodemus_sylvaticus,Apodemus_sylvaticus,m12_pre,ERA19381426,Spain,43.2848° N,2.1714° W,Faeces,1,2019/10/09,Day1
m12_pre_2.fastq.gz,m12_pre_2,Apodemus_sylvaticus,Apodemus_sylvaticus,m12_pre,ERA19381426,Spain,43.2848° N,2.1714° W,Faeces,2,2019/10/09,Day1
m13_cold_1.fastq.gz,m13_cold_1,Apodemus_sylvaticus,Apodemus_sylvaticus,m13_cold,ERA19381426,Spain,43.2848° N,2.1714° W,Faeces,1,2019/11/11,Cold
m13_cold_2.fastq.gz,m13_cold_2,Apodemus_sylvaticus,Apodemus_sylvaticus,m13_cold,ERA19381426,Spain,43.2848° N,2.1714° W,Faeces,2,2019/11/11,Cold
m13_diet_1.fastq.gz,m13_diet_1,Apodemus_sylvaticus,Apodemus_sylvaticus,m13_diet,ERA19381426,Spain,43.2848° N,2.1714° W,Faeces,1,2019/11/23,Diet
m13_diet_2.fastq.gz,m13_diet_2,Apodemus_sylvaticus,Apodemus_sylvaticus,m13_diet,ERA19381426,Spain,43.2848° N,2.1714° W,Faeces,2,2019/11/23,Diet
m13_heat_1.fastq.gz,m13_heat_1,Apodemus_sylvaticus,Apodemus_sylvaticus,m13_heat,ERA19381426,Spain,43.2848° N,2.1714° W,Faeces,1,2019/10/28,Heat
m13_heat_2.fastq.gz,m13_heat_2,Apodemus_sylvaticus,Apodemus_sylvaticus,m13_heat,ERA19381426,Spain,43.2848° N,2.1714° W,Faeces,2,2019/10/28,Heat
m13_post_1.fastq.gz,m13_post_1,Apodemus_sylvaticus,Apodemus_sylvaticus,m13_post,ERA19381426,Spain,43.2848° N,2.1714° W,Faeces,1,2019/10/16,Acclimation
m13_post_2.fastq.gz,m13_post_2,Apodemus_sylvaticus,Apodemus_sylvaticus,m13_post,ERA19381426,Spain,43.2848° N,2.1714° W,Faeces,2,2019/10/16,Acclimation
m13_pre_1.fastq.gz,m13_pre_1,Apodemus_sylvaticus,Apodemus_sylvaticus,m13_pre,ERA19381426,Spain,43.2848° N,2.1714° W,Faeces,1,2019/10/09,Day1
m13_pre_2.fastq.gz,m13_pre_2,Apodemus_sylvaticus,Apodemus_sylvaticus,m13_pre,ERA19381426,Spain,43.2848° N,2.1714° W,Faeces,2,2019/10/09,Day1
m14_cold_1.fastq.gz,m14_cold_1,Apodemus_sylvaticus,Apodemus_sylvaticus,m14_cold,ERA19381426,Spain,43.2848° N,2.1714° W,Faeces,1,2019/11/11,Cold
m14_cold_2.fastq.gz,m14_cold_2,Apodemus_sylvaticus,Apodemus_sylvaticus,m14_cold,ERA19381426,Spain,43.2848° N,2.1714° W,Faeces,2,2019/11/11,Cold
m14_diet_1.fastq.gz,m14_diet_1,Apodemus_sylvaticus,Apodemus_sylvaticus,m14_diet,ERA19381426,Spain,43.2848° N,2.1714° W,Faeces,1,2019/11/23,Diet
m14_diet_2.fastq.gz,m14_diet_2,Apodemus_sylvaticus,Apodemus_sylvaticus,m14_diet,ERA19381426,Spain,43.2848° N,2.1714° W,Faeces,2,2019/11/23,Diet
m14_heat_1.fastq.gz,m14_heat_1,Apodemus_sylvaticus,Apodemus_sylvaticus,m14_heat,ERA19381426,Spain,43.2848° N,2.1714° W,Faeces,1,2019/10/28,Heat
m14_heat_2.fastq.gz,m14_heat_2,Apodemus_sylvaticus,Apodemus_sylvaticus,m14_heat,ERA19381426,Spain,43.2848° N,2.1714° W,Faeces,2,2019/10/28,Heat
m14_post_1.fastq.gz,m14_post_1,Apodemus_sylvaticus,Apodemus_sylvaticus,m14_post,ERA19381426,Spain,43.2848° N,2.1714° W,Faeces,1,2019/10/16,Acclimation
m14_post_2.fastq.gz,m14_post_2,Apodemus_sylvaticus,Apodemus_sylvaticus,m14_post,ERA19381426,Spain,43.2848° N,2.1714° W,Faeces,2,2019/10/16,Acclimation
m14_pre_1.fastq.gz,m14_pre_1,Apodemus_sylvaticus,Apodemus_sylvaticus,m14_pre,ERA19381426,Spain,43.2848° N,2.1714° W,Faeces,1,2019/10/09,Day1
m14_pre_2.fastq.gz,m14_pre_2,Apodemus_sylvaticus,Apodemus_sylvaticus,m14_pre,ERA19381426,Spain,43.2848° N,2.1714° W,Faeces,2,2019/10/09,Day1
m15_cold_1.fastq.gz,m15_cold_1,Apodemus_sylvaticus,Apodemus_sylvaticus,m15_cold,ERA19381426,Spain,43.2848° N,2.1714° W,Faeces,1,2019/11/11,Cold
m15_cold_2.fastq.gz,m15_cold_2,Apodemus_sylvaticus,Apodemus_sylvaticus,m15_cold,ERA19381426,Spain,43.2848° N,2.1714° W,Faeces,2,2019/11/11,Cold
m15_diet_1.fastq.gz,m15_diet_1,Apodemus_sylvaticus,Apodemus_sylvaticus,m15_diet,ERA19381426,Spain,43.2848° N,2.1714° W,Faeces,1,2019/11/23,Diet
m15_diet_2.fastq.gz,m15_diet_2,Apodemus_sylvaticus,Apodemus_sylvaticus,m15_diet,ERA19381426,Spain,43.2848° N,2.1714° W,Faeces,2,2019/11/23,Diet
m15_heat_1.fastq.gz,m15_heat_1,Apodemus_sylvaticus,Apodemus_sylvaticus,m15_heat,ERA19381426,Spain,43.2848° N,2.1714° W,Faeces,1,2019/10/28,Heat
m15_heat_2.fastq.gz,m15_heat_2,Apodemus_sylvaticus,Apodemus_sylvaticus,m15_heat,ERA19381426,Spain,43.2848° N,2.1714° W,Faeces,2,2019/10/28,Heat
m15_post_1.fastq.gz,m15_post_1,Apodemus_sylvaticus,Apodemus_sylvaticus,m15_post,ERA19381426,Spain,43.2848° N,2.1714° W,Faeces,1,2019/10/16,Acclimation
m15_post_2.fastq.gz,m15_post_2,Apodemus_sylvaticus,Apodemus_sylvaticus,m15_post,ERA19381426,Spain,43.2848° N,2.1714° W,Faeces,2,2019/10/16,Acclimation
m15_pre_1.fastq.gz,m15_pre_1,Apodemus_sylvaticus,Apodemus_sylvaticus,m15_pre,ERA19381426,Spain,43.2848° N,2.1714° W,Faeces,1,2019/10/09,Day1
m15_pre_2.fastq.gz,m15_pre_2,Apodemus_sylvaticus,Apodemus_sylvaticus,m15_pre,ERA19381426,Spain,43.2848° N,2.1714° W,Faeces,2,2019/10/09,Day1
m16_cold_1.fastq.gz,m16_cold_1,Apodemus_sylvaticus,Apodemus_sylvaticus,m16_cold,ERA19381426,Spain,43.2848° N,2.1714° W,Faeces,1,2019/11/11,Cold
m16_cold2_1.fastq.gz,m16_cold2_1,Apodemus_sylvaticus,Apodemus_sylvaticus,m16_cold2,ERA19381426,Spain,43.2848° N,2.1714° W,Faeces,1,2019/11/11,Cold
m16_cold2_2.fastq.gz,m16_cold2_2,Apodemus_sylvaticus,Apodemus_sylvaticus,m16_cold2,ERA19381426,Spain,43.2848° N,2.1714° W,Faeces,2,2019/11/11,Cold
m16_cold_2.fastq.gz,m16_cold_2,Apodemus_sylvaticus,Apodemus_sylvaticus,m16_cold,ERA19381426,Spain,43.2848° N,2.1714° W,Faeces,2,2019/11/11,Cold
m16_diet_1.fastq.gz,m16_diet_1,Apodemus_sylvaticus,Apodemus_sylvaticus,m16_diet,ERA19381426,Spain,43.2848° N,2.1714° W,Faeces,1,2019/11/23,Diet
m16_diet_2.fastq.gz,m16_diet_2,Apodemus_sylvaticus,Apodemus_sylvaticus,m16_diet,ERA19381426,Spain,43.2848° N,2.1714° W,Faeces,2,2019/11/23,Diet
m16_heat_1.fastq.gz,m16_heat_1,Apodemus_sylvaticus,Apodemus_sylvaticus,m16_heat,ERA19381426,Spain,43.2848° N,2.1714° W,Faeces,1,2019/10/28,Heat
m16_heat_2.fastq.gz,m16_heat_2,Apodemus_sylvaticus,Apodemus_sylvaticus,m16_heat,ERA19381426,Spain,43.2848° N,2.1714° W,Faeces,2,2019/10/28,Heat
m16_post_1.fastq.gz,m16_post_1,Apodemus_sylvaticus,Apodemus_sylvaticus,m16_post,ERA19381426,Spain,43.2848° N,2.1714° W,Faeces,1,2019/10/16,Acclimation
m16_post_2.fastq.gz,m16_post_2,Apodemus_sylvaticus,Apodemus_sylvaticus,m16_post,ERA19381426,Spain,43.2848° N,2.1714° W,Faeces,2,2019/10/16,Acclimation
m16_pre_1.fastq.gz,m16_pre_1,Apodemus_sylvaticus,Apodemus_sylvaticus,m16_pre,ERA19381426,Spain,43.2848° N,2.1714° W,Faeces,1,2019/10/09,Day1
m16_pre_2.fastq.gz,m16_pre_2,Apodemus_sylvaticus,Apodemus_sylvaticus,m16_pre,ERA19381426,Spain,43.2848° N,2.1714° W,Faeces,2,2019/10/09,Day1
m17_cold_1.fastq.gz,m17_cold_1,Apodemus_sylvaticus,Apodemus_sylvaticus,m17_cold,ERA19381426,Spain,43.2848° N,2.1714° W,Faeces,1,2019/11/11,Cold
m17_cold_2.fastq.gz,m17_cold_2,Apodemus_sylvaticus,Apodemus_sylvaticus,m17_cold,ERA19381426,Spain,43.2848° N,2.1714° W,Faeces,2,2019/11/11,Cold
m17_diet_1.fastq.gz,m17_diet_1,Apodemus_sylvaticus,Apodemus_sylvaticus,m17_diet,ERA19381426,Spain,43.2848° N,2.1714° W,Faeces,1,2019/11/23,Diet
m17_diet2_1.fastq.gz,m17_diet2_1,Apodemus_sylvaticus,Apodemus_sylvaticus,m17_diet2,ERA19381426,Spain,43.2848° N,2.1714° W,Faeces,1,2019/11/23,Diet
m17_diet2_2.fastq.gz,m17_diet2_2,Apodemus_sylvaticus,Apodemus_sylvaticus,m17_diet2,ERA19381426,Spain,43.2848° N,2.1714° W,Faeces,2,2019/11/23,Diet
m17_diet_2.fastq.gz,m17_diet_2,Apodemus_sylvaticus,Apodemus_sylvaticus,m17_diet,ERA19381426,Spain,43.2848° N,2.1714° W,Faeces,2,2019/11/23,Diet
m17_heat_1.fastq.gz,m17_heat_1,Apodemus_sylvaticus,Apodemus_sylvaticus,m17_heat,ERA19381426,Spain,43.2848° N,2.1714° W,Faeces,1,2019/10/28,Heat
m17_heat_2.fastq.gz,m17_heat_2,Apodemus_sylvaticus,Apodemus_sylvaticus,m17_heat,ERA19381426,Spain,43.2848° N,2.1714° W,Faeces,2,2019/10/28,Heat
m17_post_1.fastq.gz,m17_post_1,Apodemus_sylvaticus,Apodemus_sylvaticus,m17_post,ERA19381426,Spain,43.2848° N,2.1714° W,Faeces,1,2019/10/16,Acclimation
m17_post_2.fastq.gz,m17_post_2,Apodemus_sylvaticus,Apodemus_sylvaticus,m17_post,ERA19381426,Spain,43.2848° N,2.1714° W,Faeces,2,2019/10/16,Acclimation
m18_cold_1.fastq.gz,m18_cold_1,Apodemus_sylvaticus,Apodemus_sylvaticus,m18_cold,ERA19381426,Spain,43.2848° N,2.1714° W,Faeces,1,2019/11/11,Cold
m18_cold_2.fastq.gz,m18_cold_2,Apodemus_sylvaticus,Apodemus_sylvaticus,m18_cold,ERA19381426,Spain,43.2848° N,2.1714° W,Faeces,2,2019/11/11,Cold
m18_diet_1.fastq.gz,m18_diet_1,Apodemus_sylvaticus,Apodemus_sylvaticus,m18_diet,ERA19381426,Spain,43.2848° N,2.1714° W,Faeces,1,2019/11/23,Diet
m18_diet_2.fastq.gz,m18_diet_2,Apodemus_sylvaticus,Apodemus_sylvaticus,m18_diet,ERA19381426,Spain,43.2848° N,2.1714° W,Faeces,2,2019/11/23,Diet
m18_heat_1.fastq.gz,m18_heat_1,Apodemus_sylvaticus,Apodemus_sylvaticus,m18_heat,ERA19381426,Spain,43.2848° N,2.1714° W,Faeces,1,2019/10/28,Heat
m18_heat_2.fastq.gz,m18_heat_2,Apodemus_sylvaticus,Apodemus_sylvaticus,m18_heat,ERA19381426,Spain,43.2848° N,2.1714° W,Faeces,2,2019/10/28,Heat
m18_post_1.fastq.gz,m18_post_1,Apodemus_sylvaticus,Apodemus_sylvaticus,m18_post,ERA19381426,Spain,43.2848° N,2.1714° W,Faeces,1,2019/10/16,Acclimation
m18_post_2.fastq.gz,m18_post_2,Apodemus_sylvaticus,Apodemus_sylvaticus,m18_post,ERA19381426,Spain,43.2848° N,2.1714° W,Faeces,2,2019/10/16,Acclimation
m18_pre_1.fastq.gz,m18_pre_1,Apodemus_sylvaticus,Apodemus_sylvaticus,m18_pre,ERA19381426,Spain,43.2848° N,2.1714° W,Faeces,1,2019/10/09,Day1
m18_pre_2.fastq.gz,m18_pre_2,Apodemus_sylvaticus,Apodemus_sylvaticus,m18_pre,ERA19381426,Spain,43.2848° N,2.1714° W,Faeces,2,2019/10/09,Day1
m19_cold_1.fastq.gz,m19_cold_1,Apodemus_sylvaticus,Apodemus_sylvaticus,m19_cold,ERA19381426,Spain,43.2848° N,2.1714° W,Faeces,1,2019/11/11,Cold
m19_cold_2.fastq.gz,m19_cold_2,Apodemus_sylvaticus,Apodemus_sylvaticus,m19_cold,ERA19381426,Spain,43.2848° N,2.1714° W,Faeces,2,2019/11/11,Cold
m19_diet_1.fastq.gz,m19_diet_1,Apodemus_sylvaticus,Apodemus_sylvaticus,m19_diet,ERA19381426,Spain,43.2848° N,2.1714° W,Faeces,1,2019/11/23,Diet
m19_diet_2.fastq.gz,m19_diet_2,Apodemus_sylvaticus,Apodemus_sylvaticus,m19_diet,ERA19381426,Spain,43.2848° N,2.1714° W,Faeces,2,2019/11/23,Diet
m19_heat_1.fastq.gz,m19_heat_1,Apodemus_sylvaticus,Apodemus_sylvaticus,m19_heat,ERA19381426,Spain,43.2848° N,2.1714° W,Faeces,1,2019/10/28,Heat
m19_heat_2.fastq.gz,m19_heat_2,Apodemus_sylvaticus,Apodemus_sylvaticus,m19_heat,ERA19381426,Spain,43.2848° N,2.1714° W,Faeces,2,2019/10/28,Heat
m19_post_1.fastq.gz,m19_post_1,Apodemus_sylvaticus,Apodemus_sylvaticus,m19_post,ERA19381426,Spain,43.2848° N,2.1714° W,Faeces,1,2019/10/16,Acclimation
m19_post_2.fastq.gz,m19_post_2,Apodemus_sylvaticus,Apodemus_sylvaticus,m19_post,ERA19381426,Spain,43.2848° N,2.1714° W,Faeces,2,2019/10/16,Acclimation
m19_pre_1.fastq.gz,m19_pre_1,Apodemus_sylvaticus,Apodemus_sylvaticus,m19_pre,ERA19381426,Spain,43.2848° N,2.1714° W,Faeces,1,2019/10/09,Day1
m19_pre_2.fastq.gz,m19_pre_2,Apodemus_sylvaticus,Apodemus_sylvaticus,m19_pre,ERA19381426,Spain,43.2848° N,2.1714° W,Faeces,2,2019/10/09,Day1
m1_cold_1.fastq.gz,m1_cold_1,Apodemus_sylvaticus,Apodemus_sylvaticus,m1_cold,ERA19381426,Spain,43.2848° N,2.1714° W,Faeces,1,2019/11/11,Cold
m1_cold_2.fastq.gz,m1_cold_2,Apodemus_sylvaticus,Apodemus_sylvaticus,m1_cold,ERA19381426,Spain,43.2848° N,2.1714° W,Faeces,2,2019/11/11,Cold
m1_diet_1.fastq.gz,m1_diet_1,Apodemus_sylvaticus,Apodemus_sylvaticus,m1_diet,ERA19381426,Spain,43.2848° N,2.1714° W,Faeces,1,2019/11/23,Diet
m1_diet_2.fastq.gz,m1_diet_2,Apodemus_sylvaticus,Apodemus_sylvaticus,m1_diet,ERA19381426,Spain,43.2848° N,2.1714° W,Faeces,2,2019/11/23,Diet
m1_heat_1.fastq.gz,m1_heat_1,Apodemus_sylvaticus,Apodemus_sylvaticus,m1_heat,ERA19381426,Spain,43.2848° N,2.1714° W,Faeces,1,2019/10/28,Heat
m1_heat_2.fastq.gz,m1_heat_2,Apodemus_sylvaticus,Apodemus_sylvaticus,m1_heat,ERA19381426,Spain,43.2848° N,2.1714° W,Faeces,2,2019/10/28,Heat
m1_post_1.fastq.gz,m1_post_1,Apodemus_sylvaticus,Apodemus_sylvaticus,m1_post,ERA19381426,Spain,43.2848° N,2.1714° W,Faeces,1,2019/10/16,Acclimation
m1_post2_1.fastq.gz,m1_post2_1,Apodemus_sylvaticus,Apodemus_sylvaticus,m1_post2,ERA19381426,Spain,43.2848° N,2.1714° W,Faeces,1,2019/10/16,Acclimation
m1_post2_2.fastq.gz,m1_post2_2,Apodemus_sylvaticus,Apodemus_sylvaticus,m1_post2,ERA19381426,Spain,43.2848° N,2.1714° W,Faeces,2,2019/10/16,Acclimation
m1_post_2.fastq.gz,m1_post_2,Apodemus_sylvaticus,Apodemus_sylvaticus,m1_post,ERA19381426,Spain,43.2848° N,2.1714° W,Faeces,2,2019/10/16,Acclimation
m1_pre_1.fastq.gz,m1_pre_1,Apodemus_sylvaticus,Apodemus_sylvaticus,m1_pre,ERA19381426,Spain,43.2848° N,2.1714° W,Faeces,1,2019/10/09,Day1
m1_pre_2.fastq.gz,m1_pre_2,Apodemus_sylvaticus,Apodemus_sylvaticus,m1_pre,ERA19381426,Spain,43.2848° N,2.1714° W,Faeces,2,2019/10/09,Day1
m21_cold_1.fastq.gz,m21_cold_1,Apodemus_sylvaticus,Apodemus_sylvaticus,m21_cold,ERA19381426,Spain,43.2848° N,2.1714° W,Faeces,1,2019/11/11,Cold
m21_cold_2.fastq.gz,m21_cold_2,Apodemus_sylvaticus,Apodemus_sylvaticus,m21_cold,ERA19381426,Spain,43.2848° N,2.1714° W,Faeces,2,2019/11/11,Cold
m21_diet_1.fastq.gz,m21_diet_1,Apodemus_sylvaticus,Apodemus_sylvaticus,m21_diet,ERA19381426,Spain,43.2848° N,2.1714° W,Faeces,1,2019/11/23,Diet
m21_diet_2.fastq.gz,m21_diet_2,Apodemus_sylvaticus,Apodemus_sylvaticus,m21_diet,ERA19381426,Spain,43.2848° N,2.1714° W,Faeces,2,2019/11/23,Diet
m21_post_1.fastq.gz,m21_post_1,Apodemus_sylvaticus,Apodemus_sylvaticus,m21_post,ERA19381426,Spain,43.2848° N,2.1714° W,Faeces,1,2019/10/16,Acclimation
m21_post_2.fastq.gz,m21_post_2,Apodemus_sylvaticus,Apodemus_sylvaticus,m21_post,ERA19381426,Spain,43.2848° N,2.1714° W,Faeces,2,2019/10/16,Acclimation
m21_pre_1.fastq.gz,m21_pre_1,Apodemus_sylvaticus,Apodemus_sylvaticus,m21_pre,ERA19381426,Spain,43.2848° N,2.1714° W,Faeces,1,2019/10/09,Day1
m21_pre_2.fastq.gz,m21_pre_2,Apodemus_sylvaticus,Apodemus_sylvaticus,m21_pre,ERA19381426,Spain,43.2848° N,2.1714° W,Faeces,2,2019/10/09,Day1
m22_cold_1.fastq.gz,m22_cold_1,Apodemus_sylvaticus,Apodemus_sylvaticus,m22_cold,ERA19381426,Spain,43.2848° N,2.1714° W,Faeces,1,2019/11/11,Cold
m22_cold_2.fastq.gz,m22_cold_2,Apodemus_sylvaticus,Apodemus_sylvaticus,m22_cold,ERA19381426,Spain,43.2848° N,2.1714° W,Faeces,2,2019/11/11,Cold
m22_diet_1.fastq.gz,m22_diet_1,Apodemus_sylvaticus,Apodemus_sylvaticus,m22_diet,ERA19381426,Spain,43.2848° N,2.1714° W,Faeces,1,2019/11/23,Diet
m22_diet_2.fastq.gz,m22_diet_2,Apodemus_sylvaticus,Apodemus_sylvaticus,m22_diet,ERA19381426,Spain,43.2848° N,2.1714° W,Faeces,2,2019/11/23,Diet
m22_heat_1.fastq.gz,m22_heat_1,Apodemus_sylvaticus,Apodemus_sylvaticus,m22_heat,ERA19381426,Spain,43.2848° N,2.1714° W,Faeces,1,2019/10/28,Heat
m22_heat_2.fastq.gz,m22_heat_2,Apodemus_sylvaticus,Apodemus_sylvaticus,m22_heat,ERA19381426,Spain,43.2848° N,2.1714° W,Faeces,2,2019/10/28,Heat
m22_post_1.fastq.gz,m22_post_1,Apodemus_sylvaticus,Apodemus_sylvaticus,m22_post,ERA19381426,Spain,43.2848° N,2.1714° W,Faeces,1,2019/10/16,Acclimation
m22_post_2.fastq.gz,m22_post_2,Apodemus_sylvaticus,Apodemus_sylvaticus,m22_post,ERA19381426,Spain,43.2848° N,2.1714° W,Faeces,2,2019/10/16,Acclimation
m22_pre_1.fastq.gz,m22_pre_1,Apodemus_sylvaticus,Apodemus_sylvaticus,m22_pre,ERA19381426,Spain,43.2848° N,2.1714° W,Faeces,1,2019/10/09,Day1
m22_pre_2.fastq.gz,m22_pre_2,Apodemus_sylvaticus,Apodemus_sylvaticus,m22_pre,ERA19381426,Spain,43.2848° N,2.1714° W,Faeces,2,2019/10/09,Day1
m24_cold_1.fastq.gz,m24_cold_1,Apodemus_sylvaticus,Apodemus_sylvaticus,m24_cold,ERA19381426,Spain,43.2848° N,2.1714° W,Faeces,1,2019/11/11,Cold
m24_cold_2.fastq.gz,m24_cold_2,Apodemus_sylvaticus,Apodemus_sylvaticus,m24_cold,ERA19381426,Spain,43.2848° N,2.1714° W,Faeces,2,2019/11/11,Cold
m24_diet_1.fastq.gz,m24_diet_1,Apodemus_sylvaticus,Apodemus_sylvaticus,m24_diet,ERA19381426,Spain,43.2848° N,2.1714° W,Faeces,1,2019/11/23,Diet
m24_diet_2.fastq.gz,m24_diet_2,Apodemus_sylvaticus,Apodemus_sylvaticus,m24_diet,ERA19381426,Spain,43.2848° N,2.1714° W,Faeces,2,2019/11/23,Diet
m24_heat_1.fastq.gz,m24_heat_1,Apodemus_sylvaticus,Apodemus_sylvaticus,m24_heat,ERA19381426,Spain,43.2848° N,2.1714° W,Faeces,1,2019/10/28,Heat
m24_heat_2.fastq.gz,m24_heat_2,Apodemus_sylvaticus,Apodemus_sylvaticus,m24_heat,ERA19381426,Spain,43.2848° N,2.1714° W,Faeces,2,2019/10/28,Heat
m24_post_1.fastq.gz,m24_post_1,Apodemus_sylvaticus,Apodemus_sylvaticus,m24_post,ERA19381426,Spain,43.2848° N,2.1714° W,Faeces,1,2019/10/16,Acclimation
m24_post_2.fastq.gz,m24_post_2,Apodemus_sylvaticus,Apodemus_sylvaticus,m24_post,ERA19381426,Spain,43.2848° N,2.1714° W,Faeces,2,2019/10/16,Acclimation
m24_pre_1.fastq.gz,m24_pre_1,Apodemus_sylvaticus,Apodemus_sylvaticus,m24_pre,ERA19381426,Spain,43.2848° N,2.1714° W,Faeces,1,2019/10/09,Day1
m24_pre_2.fastq.gz,m24_pre_2,Apodemus_sylvaticus,Apodemus_sylvaticus,m24_pre,ERA19381426,Spain,43.2848° N,2.1714° W,Faeces,2,2019/10/09,Day1
m25_cold_1.fastq.gz,m25_cold_1,Apodemus_sylvaticus,Apodemus_sylvaticus,m25_cold,ERA19381426,Spain,43.2848° N,2.1714° W,Faeces,1,2019/11/11,Cold
m25_cold_2.fastq.gz,m25_cold_2,Apodemus_sylvaticus,Apodemus_sylvaticus,m25_cold,ERA19381426,Spain,43.2848° N,2.1714° W,Faeces,2,2019/11/11,Cold
m25_diet_1.fastq.gz,m25_diet_1,Apodemus_sylvaticus,Apodemus_sylvaticus,m25_diet,ERA19381426,Spain,43.2848° N,2.1714° W,Faeces,1,2019/11/23,Diet
m25_diet_2.fastq.gz,m25_diet_2,Apodemus_sylvaticus,Apodemus_sylvaticus,m25_diet,ERA19381426,Spain,43.2848° N,2.1714° W,Faeces,2,2019/11/23,Diet
m25_heat_1.fastq.gz,m25_heat_1,Apodemus_sylvaticus,Apodemus_sylvaticus,m25_heat,ERA19381426,Spain,43.2848° N,2.1714° W,Faeces,1,2019/10/28,Heat
m25_heat_2.fastq.gz,m25_heat_2,Apodemus_sylvaticus,Apodemus_sylvaticus,m25_heat,ERA19381426,Spain,43.2848° N,2.1714° W,Faeces,2,2019/10/28,Heat
m25_post_1.fastq.gz,m25_post_1,Apodemus_sylvaticus,Apodemus_sylvaticus,m25_post,ERA19381426,Spain,43.2848° N,2.1714° W,Faeces,1,2019/10/16,Acclimation
m25_post_2.fastq.gz,m25_post_2,Apodemus_sylvaticus,Apodemus_sylvaticus,m25_post,ERA19381426,Spain,43.2848° N,2.1714° W,Faeces,2,2019/10/16,Acclimation
m25_pre_1.fastq.gz,m25_pre_1,Apodemus_sylvaticus,Apodemus_sylvaticus,m25_pre,ERA19381426,Spain,43.2848° N,2.1714° W,Faeces,1,2019/10/09,Day1
m25_pre_2.fastq.gz,m25_pre_2,Apodemus_sylvaticus,Apodemus_sylvaticus,m25_pre,ERA19381426,Spain,43.2848° N,2.1714° W,Faeces,2,2019/10/09,Day1
m2_cold_1.fastq.gz,m2_cold_1,Apodemus_sylvaticus,Apodemus_sylvaticus,m2_cold,ERA19381426,Spain,43.2848° N,2.1714° W,Faeces,1,2019/11/11,Cold
m2_cold_2.fastq.gz,m2_cold_2,Apodemus_sylvaticus,Apodemus_sylvaticus,m2_cold,ERA19381426,Spain,43.2848° N,2.1714° W,Faeces,2,2019/11/11,Cold
m2_diet_1.fastq.gz,m2_diet_1,Apodemus_sylvaticus,Apodemus_sylvaticus,m2_diet,ERA19381426,Spain,43.2848° N,2.1714° W,Faeces,1,2019/11/23,Diet
m2_diet_2.fastq.gz,m2_diet_2,Apodemus_sylvaticus,Apodemus_sylvaticus,m2_diet,ERA19381426,Spain,43.2848° N,2.1714° W,Faeces,2,2019/11/23,Diet
m2_heat_1.fastq.gz,m2_heat_1,Apodemus_sylvaticus,Apodemus_sylvaticus,m2_heat,ERA19381426,Spain,43.2848° N,2.1714° W,Faeces,1,2019/10/28,Heat
m2_heat_2.fastq.gz,m2_heat_2,Apodemus_sylvaticus,Apodemus_sylvaticus,m2_heat,ERA19381426,Spain,43.2848° N,2.1714° W,Faeces,2,2019/10/28,Heat
m2_post_1.fastq.gz,m2_post_1,Apodemus_sylvaticus,Apodemus_sylvaticus,m2_post,ERA19381426,Spain,43.2848° N,2.1714° W,Faeces,1,2019/10/16,Acclimation
m2_post_2.fastq.gz,m2_post_2,Apodemus_sylvaticus,Apodemus_sylvaticus,m2_post,ERA19381426,Spain,43.2848° N,2.1714° W,Faeces,2,2019/10/16,Acclimation
m2_pre_1.fastq.gz,m2_pre_1,Apodemus_sylvaticus,Apodemus_sylvaticus,m2_pre,ERA19381426,Spain,43.2848° N,2.1714° W,Faeces,1,2019/10/09,Day1
m2_pre_2.fastq.gz,m2_pre_2,Apodemus_sylvaticus,Apodemus_sylvaticus,m2_pre,ERA19381426,Spain,43.2848° N,2.1714° W,Faeces,2,2019/10/09,Day1
m3_cold_1.fastq.gz,m3_cold_1,Apodemus_sylvaticus,Apodemus_sylvaticus,m3_cold,ERA19381426,Spain,43.2848° N,2.1714° W,Faeces,1,2019/11/11,Cold
m3_cold_2.fastq.gz,m3_cold_2,Apodemus_sylvaticus,Apodemus_sylvaticus,m3_cold,ERA19381426,Spain,43.2848° N,2.1714° W,Faeces,2,2019/11/11,Cold
m3_diet_1.fastq.gz,m3_diet_1,Apodemus_sylvaticus,Apodemus_sylvaticus,m3_diet,ERA19381426,Spain,43.2848° N,2.1714° W,Faeces,1,2019/11/23,Diet
m3_diet_2.fastq.gz,m3_diet_2,Apodemus_sylvaticus,Apodemus_sylvaticus,m3_diet,ERA19381426,Spain,43.2848° N,2.1714° W,Faeces,2,2019/11/23,Diet
m3_heat_1.fastq.gz,m3_heat_1,Apodemus_sylvaticus,Apodemus_sylvaticus,m3_heat,ERA19381426,Spain,43.2848° N,2.1714° W,Faeces,1,2019/10/28,Heat
m3_heat_2.fastq.gz,m3_heat_2,Apodemus_sylvaticus,Apodemus_sylvaticus,m3_heat,ERA19381426,Spain,43.2848° N,2.1714° W,Faeces,2,2019/10/28,Heat
m3_post_1.fastq.gz,m3_post_1,Apodemus_sylvaticus,Apodemus_sylvaticus,m3_post,ERA19381426,Spain,43.2848° N,2.1714° W,Faeces,1,2019/10/16,Acclimation
m3_post_2.fastq.gz,m3_post_2,Apodemus_sylvaticus,Apodemus_sylvaticus,m3_post,ERA19381426,Spain,43.2848° N,2.1714° W,Faeces,2,2019/10/16,Acclimation
m3_pre_1.fastq.gz,m3_pre_1,Apodemus_sylvaticus,Apodemus_sylvaticus,m3_pre,ERA19381426,Spain,43.2848° N,2.1714° W,Faeces,1,2019/10/09,Day1
m3_pre_2.fastq.gz,m3_pre_2,Apodemus_sylvaticus,Apodemus_sylvaticus,m3_pre,ERA19381426,Spain,43.2848° N,2.1714° W,Faeces,2,2019/10/09,Day1
m4_cold_1.fastq.gz,m4_cold_1,Apodemus_sylvaticus,Apodemus_sylvaticus,m4_cold,ERA19381426,Spain,43.2848° N,2.1714° W,Faeces,1,2019/11/11,Cold
m4_cold_2.fastq.gz,m4_cold_2,Apodemus_sylvaticus,Apodemus_sylvaticus,m4_cold,ERA19381426,Spain,43.2848° N,2.1714° W,Faeces,2,2019/11/11,Cold
m4_diet_1.fastq.gz,m4_diet_1,Apodemus_sylvaticus,Apodemus_sylvaticus,m4_diet,ERA19381426,Spain,43.2848° N,2.1714° W,Faeces,1,2019/11/23,Diet
m4_diet_2.fastq.gz,m4_diet_2,Apodemus_sylvaticus,Apodemus_sylvaticus,m4_diet,ERA19381426,Spain,43.2848° N,2.1714° W,Faeces,2,2019/11/23,Diet
m4_heat_1.fastq.gz,m4_heat_1,Apodemus_sylvaticus,Apodemus_sylvaticus,m4_heat,ERA19381426,Spain,43.2848° N,2.1714° W,Faeces,1,2019/10/28,Heat
m4_heat_2.fastq.gz,m4_heat_2,Apodemus_sylvaticus,Apodemus_sylvaticus,m4_heat,ERA19381426,Spain,43.2848° N,2.1714° W,Faeces,2,2019/10/28,Heat
m4_post_1.fastq.gz,m4_post_1,Apodemus_sylvaticus,Apodemus_sylvaticus,m4_post,ERA19381426,Spain,43.2848° N,2.1714° W,Faeces,1,2019/10/16,Acclimation
m4_post_2.fastq.gz,m4_post_2,Apodemus_sylvaticus,Apodemus_sylvaticus,m4_post,ERA19381426,Spain,43.2848° N,2.1714° W,Faeces,2,2019/10/16,Acclimation
m4_pre_1.fastq.gz,m4_pre_1,Apodemus_sylvaticus,Apodemus_sylvaticus,m4_pre,ERA19381426,Spain,43.2848° N,2.1714° W,Faeces,1,2019/10/09,Day1
m4_pre_2.fastq.gz,m4_pre_2,Apodemus_sylvaticus,Apodemus_sylvaticus,m4_pre,ERA19381426,Spain,43.2848° N,2.1714° W,Faeces,2,2019/10/09,Day1
m6_cold_1.fastq.gz,m6_cold_1,Apodemus_sylvaticus,Apodemus_sylvaticus,m6_cold,ERA19381426,Spain,43.2848° N,2.1714° W,Faeces,1,2019/11/11,Cold
m6_cold_2.fastq.gz,m6_cold_2,Apodemus_sylvaticus,Apodemus_sylvaticus,m6_cold,ERA19381426,Spain,43.2848° N,2.1714° W,Faeces,2,2019/11/11,Cold
m6_diet_1.fastq.gz,m6_diet_1,Apodemus_sylvaticus,Apodemus_sylvaticus,m6_diet,ERA19381426,Spain,43.2848° N,2.1714° W,Faeces,1,2019/11/23,Diet
m6_diet_2.fastq.gz,m6_diet_2,Apodemus_sylvaticus,Apodemus_sylvaticus,m6_diet,ERA19381426,Spain,43.2848° N,2.1714° W,Faeces,2,2019/11/23,Diet
m6_heat_1.fastq.gz,m6_heat_1,Apodemus_sylvaticus,Apodemus_sylvaticus,m6_heat,ERA19381426,Spain,43.2848° N,2.1714° W,Faeces,1,2019/10/28,Heat
m6_heat_2.fastq.gz,m6_heat_2,Apodemus_sylvaticus,Apodemus_sylvaticus,m6_heat,ERA19381426,Spain,43.2848° N,2.1714° W,Faeces,2,2019/10/28,Heat
m6_post_1.fastq.gz,m6_post_1,Apodemus_sylvaticus,Apodemus_sylvaticus,m6_post,ERA19381426,Spain,43.2848° N,2.1714° W,Faeces,1,2019/10/16,Acclimation
m6_post_2.fastq.gz,m6_post_2,Apodemus_sylvaticus,Apodemus_sylvaticus,m6_post,ERA19381426,Spain,43.2848° N,2.1714° W,Faeces,2,2019/10/16,Acclimation
m6_pre_1.fastq.gz,m6_pre_1,Apodemus_sylvaticus,Apodemus_sylvaticus,m6_pre,ERA19381426,Spain,43.2848° N,2.1714° W,Faeces,1,2019/10/09,Day1
m6_pre_2.fastq.gz,m6_pre_2,Apodemus_sylvaticus,Apodemus_sylvaticus,m6_pre,ERA19381426,Spain,43.2848° N,2.1714° W,Faeces,2,2019/10/09,Day1
m7_cold_1.fastq.gz,m7_cold_1,Apodemus_sylvaticus,Apodemus_sylvaticus,m7_cold,ERA19381426,Spain,43.2848° N,2.1714° W,Faeces,1,2019/11/11,Cold
m7_cold_2.fastq.gz,m7_cold_2,Apodemus_sylvaticus,Apodemus_sylvaticus,m7_cold,ERA19381426,Spain,43.2848° N,2.1714° W,Faeces,2,2019/11/11,Cold
m7_diet_1.fastq.gz,m7_diet_1,Apodemus_sylvaticus,Apodemus_sylvaticus,m7_diet,ERA19381426,Spain,43.2848° N,2.1714° W,Faeces,1,2019/11/23,Diet
m7_diet_2.fastq.gz,m7_diet_2,Apodemus_sylvaticus,Apodemus_sylvaticus,m7_diet,ERA19381426,Spain,43.2848° N,2.1714° W,Faeces,2,2019/11/23,Diet
m7_heat_1.fastq.gz,m7_heat_1,Apodemus_sylvaticus,Apodemus_sylvaticus,m7_heat,ERA19381426,Spain,43.2848° N,2.1714° W,Faeces,1,2019/10/28,Heat
m7_heat_2.fastq.gz,m7_heat_2,Apodemus_sylvaticus,Apodemus_sylvaticus,m7_heat,ERA19381426,Spain,43.2848° N,2.1714° W,Faeces,2,2019/10/28,Heat
m7_pre_1.fastq.gz,m7_pre_1,Apodemus_sylvaticus,Apodemus_sylvaticus,m7_pre,ERA19381426,Spain,43.2848° N,2.1714° W,Faeces,1,2019/10/09,Day1
m7_pre_2.fastq.gz,m7_pre_2,Apodemus_sylvaticus,Apodemus_sylvaticus,m7_pre,ERA19381426,Spain,43.2848° N,2.1714° W,Faeces,2,2019/10/09,Day1
m8_cold_1.fastq.gz,m8_cold_1,Apodemus_sylvaticus,Apodemus_sylvaticus,m8_cold,ERA19381426,Spain,43.2848° N,2.1714° W,Faeces,1,2019/11/11,Cold
m8_cold_2.fastq.gz,m8_cold_2,Apodemus_sylvaticus,Apodemus_sylvaticus,m8_cold,ERA19381426,Spain,43.2848° N,2.1714° W,Faeces,2,2019/11/11,Cold
m8_diet_1.fastq.gz,m8_diet_1,Apodemus_sylvaticus,Apodemus_sylvaticus,m8_diet,ERA19381426,Spain,43.2848° N,2.1714° W,Faeces,1,2019/11/23,Diet
m8_diet_2.fastq.gz,m8_diet_2,Apodemus_sylvaticus,Apodemus_sylvaticus,m8_diet,ERA19381426,Spain,43.2848° N,2.1714° W,Faeces,2,2019/11/23,Diet
m8_post_1.fastq.gz,m8_post_1,Apodemus_sylvaticus,Apodemus_sylvaticus,m8_post,ERA19381426,Spain,43.2848° N,2.1714° W,Faeces,1,2019/10/16,Acclimation
m8_post_2.fastq.gz,m8_post_2,Apodemus_sylvaticus,Apodemus_sylvaticus,m8_post,ERA19381426,Spain,43.2848° N,2.1714° W,Faeces,2,2019/10/16,Acclimation
m8_pre_1.fastq.gz,m8_pre_1,Apodemus_sylvaticus,Apodemus_sylvaticus,m8_pre,ERA19381426,Spain,43.2848° N,2.1714° W,Faeces,1,2019/10/09,Day1
m8_pre_2.fastq.gz,m8_pre_2,Apodemus_sylvaticus,Apodemus_sylvaticus,m8_pre,ERA19381426,Spain,43.2848° N,2.1714° W,Faeces,2,2019/10/09,Day1
post_s10_1.fastq.gz,post_s10_1,Crocidura_russula,Crocidura_russula,post_s10,ERA19381426,Spain,43.2848° N,2.1714° W,Faeces,1,2019/10/16,Acclimation
post_s10_2.fastq.gz,post_s10_2,Crocidura_russula,Crocidura_russula,post_s10,ERA19381426,Spain,43.2848° N,2.1714° W,Faeces,2,2019/10/16,Acclimation
post_s11_1.fastq.gz,post_s11_1,Crocidura_russula,Crocidura_russula,post_s11,ERA19381426,Spain,43.2848° N,2.1714° W,Faeces,1,2019/10/16,Acclimation
post_s11_2.fastq.gz,post_s11_2,Crocidura_russula,Crocidura_russula,post_s11,ERA19381426,Spain,43.2848° N,2.1714° W,Faeces,2,2019/10/16,Acclimation
post_s12_1.fastq.gz,post_s12_1,Crocidura_russula,Crocidura_russula,post_s12,ERA19381426,Spain,43.2848° N,2.1714° W,Faeces,1,2019/10/16,Acclimation
post_s12_2.fastq.gz,post_s12_2,Crocidura_russula,Crocidura_russula,post_s12,ERA19381426,Spain,43.2848° N,2.1714° W,Faeces,2,2019/10/16,Acclimation
Post_s13_1.fastq.gz,Post_s13_1,Crocidura_russula,Crocidura_russula,Post_s13,ERA19381426,Spain,43.2848° N,2.1714° W,Faeces,1,2019/10/16,Acclimation
Post_s13_2.fastq.gz,Post_s13_2,Crocidura_russula,Crocidura_russula,Post_s13,ERA19381426,Spain,43.2848° N,2.1714° W,Faeces,2,2019/10/16,Acclimation
post_s14_1.fastq.gz,post_s14_1,Crocidura_russula,Crocidura_russula,post_s14,ERA19381426,Spain,43.2848° N,2.1714° W,Faeces,1,2019/10/16,Acclimation
post_s14_2.fastq.gz,post_s14_2,Crocidura_russula,Crocidura_russula,post_s14,ERA19381426,Spain,43.2848° N,2.1714° W,Faeces,2,2019/10/16,Acclimation
post_s16_1.fastq.gz,post_s16_1,Crocidura_russula,Crocidura_russula,post_s16,ERA19381426,Spain,43.2848° N,2.1714° W,Faeces,1,2019/10/16,Acclimation
Post_s18_1.fastq.gz,Post_s18_1,Crocidura_russula,Crocidura_russula,Post_s18,ERA19381426,Spain,43.2848° N,2.1714° W,Faeces,1,2019/10/16,Acclimation
Post_s18_2.fastq.gz,Post_s18_2,Crocidura_russula,Crocidura_russula,Post_s18,ERA19381426,Spain,43.2848° N,2.1714° W,Faeces,2,2019/10/16,Acclimation
post_s19_1.fastq.gz,post_s19_1,Crocidura_russula,Crocidura_russula,post_s19,ERA19381426,Spain,43.2848° N,2.1714° W,Faeces,1,2019/10/16,Acclimation
post_s19_2.fastq.gz,post_s19_2,Crocidura_russula,Crocidura_russula,post_s19,ERA19381426,Spain,43.2848° N,2.1714° W,Faeces,2,2019/10/16,Acclimation
Post_s21_1.fastq.gz,Post_s21_1,Apodemus_sylvaticus,Apodemus_sylvaticus,Post_s21,ERA19381426,Spain,43.2848° N,2.1714° W,Faeces,1,2019/10/16,Acclimation
Post_s21_2.fastq.gz,Post_s21_2,Apodemus_sylvaticus,Apodemus_sylvaticus,Post_s21,ERA19381426,Spain,43.2848° N,2.1714° W,Faeces,2,2019/10/16,Acclimation
Post_s2_1.fastq.gz,Post_s2_1,Apodemus_sylvaticus,Apodemus_sylvaticus,Post_s2,ERA19381426,Spain,43.2848° N,2.1714° W,Faeces,1,2019/10/16,Acclimation
Post_s22_1.fastq.gz,Post_s22_1,Apodemus_sylvaticus,Apodemus_sylvaticus,Post_s22,ERA19381426,Spain,43.2848° N,2.1714° W,Faeces,1,2019/10/16,Acclimation
Post_s22_2.fastq.gz,Post_s22_2,Apodemus_sylvaticus,Apodemus_sylvaticus,Post_s22,ERA19381426,Spain,43.2848° N,2.1714° W,Faeces,2,2019/10/16,Acclimation
Post_s2_2.fastq.gz,Post_s2_2,Apodemus_sylvaticus,Apodemus_sylvaticus,Post_s2,ERA19381426,Spain,43.2848° N,2.1714° W,Faeces,2,2019/10/16,Acclimation
post_s23_1.fastq.gz,post_s23_1,Apodemus_sylvaticus,Apodemus_sylvaticus,post_s23,ERA19381426,Spain,43.2848° N,2.1714° W,Faeces,1,2019/10/16,Acclimation
post_s23_2.fastq.gz,post_s23_2,Apodemus_sylvaticus,Apodemus_sylvaticus,post_s23,ERA19381426,Spain,43.2848° N,2.1714° W,Faeces,2,2019/10/16,Acclimation
post_s24_1.fastq.gz,post_s24_1,Apodemus_sylvaticus,Apodemus_sylvaticus,post_s24,ERA19381426,Spain,43.2848° N,2.1714° W,Faeces,1,2019/10/16,Acclimation
post_s24_2.fastq.gz,post_s24_2,Apodemus_sylvaticus,Apodemus_sylvaticus,post_s24,ERA19381426,Spain,43.2848° N,2.1714° W,Faeces,2,2019/10/16,Acclimation
post_s25_1.fastq.gz,post_s25_1,Apodemus_sylvaticus,Apodemus_sylvaticus,post_s25,ERA19381426,Spain,43.2848° N,2.1714° W,Faeces,1,2019/10/16,Acclimation
post_s25_2.fastq.gz,post_s25_2,Apodemus_sylvaticus,Apodemus_sylvaticus,post_s25,ERA19381426,Spain,43.2848° N,2.1714° W,Faeces,2,2019/10/16,Acclimation
post_s27_1.fastq.gz,post_s27_1,Apodemus_sylvaticus,Apodemus_sylvaticus,post_s27,ERA19381426,Spain,43.2848° N,2.1714° W,Faeces,1,2019/10/16,Acclimation
post_s27_2.fastq.gz,post_s27_2,Apodemus_sylvaticus,Apodemus_sylvaticus,post_s27,ERA19381426,Spain,43.2848° N,2.1714° W,Faeces,2,2019/10/16,Acclimation
Post_s28_1.fastq.gz,Post_s28_1,Apodemus_sylvaticus,Apodemus_sylvaticus,Post_s28,ERA19381426,Spain,43.2848° N,2.1714° W,Faeces,1,2019/10/16,Acclimation
Post_s28_2.fastq.gz,Post_s28_2,Apodemus_sylvaticus,Apodemus_sylvaticus,Post_s28,ERA19381426,Spain,43.2848° N,2.1714° W,Faeces,2,2019/10/16,Acclimation
post_s31_1.fastq.gz,post_s31_1,Apodemus_sylvaticus,Apodemus_sylvaticus,post_s31,ERA19381426,Spain,43.2848° N,2.1714° W,Faeces,1,2019/10/16,Acclimation
post_s31_2.fastq.gz,post_s31_2,Apodemus_sylvaticus,Apodemus_sylvaticus,post_s31,ERA19381426,Spain,43.2848° N,2.1714° W,Faeces,2,2019/10/16,Acclimation
post_s3_1.fastq.gz,post_s3_1,Apodemus_sylvaticus,Apodemus_sylvaticus,post_s3,ERA19381426,Spain,43.2848° N,2.1714° W,Faeces,1,2019/10/16,Acclimation
post_s3_2.fastq.gz,post_s3_2,Apodemus_sylvaticus,Apodemus_sylvaticus,post_s3,ERA19381426,Spain,43.2848° N,2.1714° W,Faeces,2,2019/10/16,Acclimation
post_s34_1.fastq.gz,post_s34_1,Apodemus_sylvaticus,Apodemus_sylvaticus,post_s34,ERA19381426,Spain,43.2848° N,2.1714° W,Faeces,1,2019/10/16,Acclimation
post_s34_2.fastq.gz,post_s34_2,Apodemus_sylvaticus,Apodemus_sylvaticus,post_s34,ERA19381426,Spain,43.2848° N,2.1714° W,Faeces,2,2019/10/16,Acclimation
Post_s35_1.fastq.gz,Post_s35_1,Apodemus_sylvaticus,Apodemus_sylvaticus,Post_s35,ERA19381426,Spain,43.2848° N,2.1714° W,Faeces,1,2019/10/16,Acclimation
Post_s35_2.fastq.gz,Post_s35_2,Apodemus_sylvaticus,Apodemus_sylvaticus,Post_s35,ERA19381426,Spain,43.2848° N,2.1714° W,Faeces,2,2019/10/16,Acclimation
post_s36_1.fastq.gz,post_s36_1,Apodemus_sylvaticus,Apodemus_sylvaticus,post_s36,ERA19381426,Spain,43.2848° N,2.1714° W,Faeces,1,2019/10/16,Acclimation
post_s36_2.fastq.gz,post_s36_2,Apodemus_sylvaticus,Apodemus_sylvaticus,post_s36,ERA19381426,Spain,43.2848° N,2.1714° W,Faeces,2,2019/10/16,Acclimation
post_s4_1.fastq.gz,post_s4_1,Apodemus_sylvaticus,Apodemus_sylvaticus,post_s4,ERA19381426,Spain,43.2848° N,2.1714° W,Faeces,1,2019/10/16,Acclimation
post_s4_2.fastq.gz,post_s4_2,Apodemus_sylvaticus,Apodemus_sylvaticus,post_s4,ERA19381426,Spain,43.2848° N,2.1714° W,Faeces,2,2019/10/16,Acclimation
post_s5_1.fastq.gz,post_s5_1,Apodemus_sylvaticus,Apodemus_sylvaticus,post_s5,ERA19381426,Spain,43.2848° N,2.1714° W,Faeces,1,2019/10/16,Acclimation
post_s5_2.fastq.gz,post_s5_2,Apodemus_sylvaticus,Apodemus_sylvaticus,post_s5,ERA19381426,Spain,43.2848° N,2.1714° W,Faeces,2,2019/10/16,Acclimation
Post_s6_1.fastq.gz,Post_s6_1,Apodemus_sylvaticus,Apodemus_sylvaticus,Post_s6,ERA19381426,Spain,43.2848° N,2.1714° W,Faeces,1,2019/10/16,Acclimation
Post_s6_2.fastq.gz,Post_s6_2,Apodemus_sylvaticus,Apodemus_sylvaticus,Post_s6,ERA19381426,Spain,43.2848° N,2.1714° W,Faeces,2,2019/10/16,Acclimation
Post_s9_1.fastq.gz,Post_s9_1,Crocidura_russula,Crocidura_russula,Post_s9,ERA19381426,Spain,43.2848° N,2.1714° W,Faeces,1,2019/10/16,Acclimation
Post_s9_2.fastq.gz,Post_s9_2,Crocidura_russula,Crocidura_russula,Post_s9,ERA19381426,Spain,43.2848° N,2.1714° W,Faeces,2,2019/10/16,Acclimation
pre_s10_1.fastq.gz,pre_s10_1,Crocidura_russula,Crocidura_russula,pre_s10,ERA19381426,Spain,43.2848° N,2.1714° W,Faeces,1,2019/10/09,Day1
pre_s10_2.fastq.gz,pre_s10_2,Crocidura_russula,Crocidura_russula,pre_s10,ERA19381426,Spain,43.2848° N,2.1714° W,Faeces,2,2019/10/09,Day1
pre_s11_1.fastq.gz,pre_s11_1,Crocidura_russula,Crocidura_russula,pre_s11,ERA19381426,Spain,43.2848° N,2.1714° W,Faeces,1,2019/10/09,Day1
pre_s11_2.fastq.gz,pre_s11_2,Crocidura_russula,Crocidura_russula,pre_s11,ERA19381426,Spain,43.2848° N,2.1714° W,Faeces,2,2019/10/09,Day1
Pre_s13_1.fastq.gz,Pre_s13_1,Crocidura_russula,Crocidura_russula,Pre_s13,ERA19381426,Spain,43.2848° N,2.1714° W,Faeces,1,2019/10/09,Day1
Pre_s13_2.fastq.gz,Pre_s13_2,Crocidura_russula,Crocidura_russula,Pre_s13,ERA19381426,Spain,43.2848° N,2.1714° W,Faeces,2,2019/10/09,Day1
pre_s14_1.fastq.gz,pre_s14_1,Crocidura_russula,Crocidura_russula,pre_s14,ERA19381426,Spain,43.2848° N,2.1714° W,Faeces,1,2019/10/09,Day1
pre_s14_2.fastq.gz,pre_s14_2,Crocidura_russula,Crocidura_russula,pre_s14,ERA19381426,Spain,43.2848° N,2.1714° W,Faeces,2,2019/10/09,Day1
Pre_s15_1.fastq.gz,Pre_s15_1,Crocidura_russula,Crocidura_russula,Pre_s15,ERA19381426,Spain,43.2848° N,2.1714° W,Faeces,1,2019/10/09,Day1
Pre_s15_2.fastq.gz,Pre_s15_2,Crocidura_russula,Crocidura_russula,Pre_s15,ERA19381426,Spain,43.2848° N,2.1714° W,Faeces,2,2019/10/09,Day1
pre_s16_1.fastq.gz,pre_s16_1,Crocidura_russula,Crocidura_russula,pre_s16,ERA19381426,Spain,43.2848° N,2.1714° W,Faeces,1,2019/10/09,Day1
pre_s16_2.fastq.gz,pre_s16_2,Crocidura_russula,Crocidura_russula,pre_s16,ERA19381426,Spain,43.2848° N,2.1714° W,Faeces,2,2019/10/09,Day1
pre_s17_1.fastq.gz,pre_s17_1,Crocidura_russula,Crocidura_russula,pre_s17,ERA19381426,Spain,43.2848° N,2.1714° W,Faeces,1,2019/10/09,Day1
pre_s17_2.fastq.gz,pre_s17_2,Crocidura_russula,Crocidura_russula,pre_s17,ERA19381426,Spain,43.2848° N,2.1714° W,Faeces,2,2019/10/09,Day1
Pre_s18_1.fastq.gz,Pre_s18_1,Crocidura_russula,Crocidura_russula,Pre_s18,ERA19381426,Spain,43.2848° N,2.1714° W,Faeces,1,2019/10/09,Day1
Pre_s18_2.fastq.gz,Pre_s18_2,Crocidura_russula,Crocidura_russula,Pre_s18,ERA19381426,Spain,43.2848° N,2.1714° W,Faeces,2,2019/10/09,Day1
pre_s19_1.fastq.gz,pre_s19_1,Crocidura_russula,Crocidura_russula,pre_s19,ERA19381426,Spain,43.2848° N,2.1714° W,Faeces,1,2019/10/09,Day1
pre_s19_2.fastq.gz,pre_s19_2,Crocidura_russula,Crocidura_russula,pre_s19,ERA19381426,Spain,43.2848° N,2.1714° W,Faeces,2,2019/10/09,Day1
Pre_s21_1.fastq.gz,Pre_s21_1,Apodemus_sylvaticus,Apodemus_sylvaticus,Pre_s21,ERA19381426,Spain,43.2848° N,2.1714° W,Faeces,1,2019/10/09,Day1
Pre_s21_2.fastq.gz,Pre_s21_2,Apodemus_sylvaticus,Apodemus_sylvaticus,Pre_s21,ERA19381426,Spain,43.2848° N,2.1714° W,Faeces,2,2019/10/09,Day1
Pre_s2_1.fastq.gz,Pre_s2_1,Apodemus_sylvaticus,Apodemus_sylvaticus,Pre_s2,ERA19381426,Spain,43.2848° N,2.1714° W,Faeces,1,2019/10/09,Day1
Pre_s22_1.fastq.gz,Pre_s22_1,Apodemus_sylvaticus,Apodemus_sylvaticus,Pre_s22,ERA19381426,Spain,43.2848° N,2.1714° W,Faeces,1,2019/10/09,Day1
Pre_s22_2.fastq.gz,Pre_s22_2,Apodemus_sylvaticus,Apodemus_sylvaticus,Pre_s22,ERA19381426,Spain,43.2848° N,2.1714° W,Faeces,2,2019/10/09,Day1
Pre_s2_2.fastq.gz,Pre_s2_2,Apodemus_sylvaticus,Apodemus_sylvaticus,Pre_s2,ERA19381426,Spain,43.2848° N,2.1714° W,Faeces,2,2019/10/09,Day1
pre_s23_1.fastq.gz,pre_s23_1,Apodemus_sylvaticus,Apodemus_sylvaticus,pre_s23,ERA19381426,Spain,43.2848° N,2.1714° W,Faeces,1,2019/10/09,Day1
pre_s23_2.fastq.gz,pre_s23_2,Apodemus_sylvaticus,Apodemus_sylvaticus,pre_s23,ERA19381426,Spain,43.2848° N,2.1714° W,Faeces,2,2019/10/09,Day1
pre_s24_1.fastq.gz,pre_s24_1,Apodemus_sylvaticus,Apodemus_sylvaticus,pre_s24,ERA19381426,Spain,43.2848° N,2.1714° W,Faeces,1,2019/10/09,Day1
pre_s24_2.fastq.gz,pre_s24_2,Apodemus_sylvaticus,Apodemus_sylvaticus,pre_s24,ERA19381426,Spain,43.2848° N,2.1714° W,Faeces,2,2019/10/09,Day1
pre_s25_1.fastq.gz,pre_s25_1,Apodemus_sylvaticus,Apodemus_sylvaticus,pre_s25,ERA19381426,Spain,43.2848° N,2.1714° W,Faeces,1,2019/10/09,Day1
pre_s25_2.fastq.gz,pre_s25_2,Apodemus_sylvaticus,Apodemus_sylvaticus,pre_s25,ERA19381426,Spain,43.2848° N,2.1714° W,Faeces,2,2019/10/09,Day1
pre_s27_1.fastq.gz,pre_s27_1,Apodemus_sylvaticus,Apodemus_sylvaticus,pre_s27,ERA19381426,Spain,43.2848° N,2.1714° W,Faeces,1,2019/10/09,Day1
pre_s27_2.fastq.gz,pre_s27_2,Apodemus_sylvaticus,Apodemus_sylvaticus,pre_s27,ERA19381426,Spain,43.2848° N,2.1714° W,Faeces,2,2019/10/09,Day1
Pre_s28_1.fastq.gz,Pre_s28_1,Apodemus_sylvaticus,Apodemus_sylvaticus,Pre_s28,ERA19381426,Spain,43.2848° N,2.1714° W,Faeces,1,2019/10/09,Day1
Pre_s28_2.fastq.gz,Pre_s28_2,Apodemus_sylvaticus,Apodemus_sylvaticus,Pre_s28,ERA19381426,Spain,43.2848° N,2.1714° W,Faeces,2,2019/10/09,Day1
pre_s29_1.fastq.gz,pre_s29_1,Apodemus_sylvaticus,Apodemus_sylvaticus,pre_s29,ERA19381426,Spain,43.2848° N,2.1714° W,Faeces,1,2019/10/09,Day1
pre_s29_2.fastq.gz,pre_s29_2,Apodemus_sylvaticus,Apodemus_sylvaticus,pre_s29,ERA19381426,Spain,43.2848° N,2.1714° W,Faeces,2,2019/10/09,Day1
pre_s31_1.fastq.gz,pre_s31_1,Apodemus_sylvaticus,Apodemus_sylvaticus,pre_s31,ERA19381426,Spain,43.2848° N,2.1714° W,Faeces,1,2019/10/09,Day1
pre_s31_2.fastq.gz,pre_s31_2,Apodemus_sylvaticus,Apodemus_sylvaticus,pre_s31,ERA19381426,Spain,43.2848° N,2.1714° W,Faeces,2,2019/10/09,Day1
pre_s3_1.fastq.gz,pre_s3_1,Apodemus_sylvaticus,Apodemus_sylvaticus,pre_s3,ERA19381426,Spain,43.2848° N,2.1714° W,Faeces,1,2019/10/09,Day1
pre_s3_2.fastq.gz,pre_s3_2,Apodemus_sylvaticus,Apodemus_sylvaticus,pre_s3,ERA19381426,Spain,43.2848° N,2.1714° W,Faeces,2,2019/10/09,Day1
pre_s33_1.fastq.gz,pre_s33_1,Apodemus_sylvaticus,Apodemus_sylvaticus,pre_s33,ERA19381426,Spain,43.2848° N,2.1714° W,Faeces,1,2019/10/09,Day1
pre_s33_2.fastq.gz,pre_s33_2,Apodemus_sylvaticus,Apodemus_sylvaticus,pre_s33,ERA19381426,Spain,43.2848° N,2.1714° W,Faeces,2,2019/10/09,Day1
pre_s34_1.fastq.gz,pre_s34_1,Apodemus_sylvaticus,Apodemus_sylvaticus,pre_s34,ERA19381426,Spain,43.2848° N,2.1714° W,Faeces,1,2019/10/09,Day1
pre_s34_2.fastq.gz,pre_s34_2,Apodemus_sylvaticus,Apodemus_sylvaticus,pre_s34,ERA19381426,Spain,43.2848° N,2.1714° W,Faeces,2,2019/10/09,Day1
Pre_s35_1.fastq.gz,Pre_s35_1,Apodemus_sylvaticus,Apodemus_sylvaticus,Pre_s35,ERA19381426,Spain,43.2848° N,2.1714° W,Faeces,1,2019/10/09,Day1
Pre_s35_2.fastq.gz,Pre_s35_2,Apodemus_sylvaticus,Apodemus_sylvaticus,Pre_s35,ERA19381426,Spain,43.2848° N,2.1714° W,Faeces,2,2019/10/09,Day1
pre_s36_1.fastq.gz,pre_s36_1,Apodemus_sylvaticus,Apodemus_sylvaticus,pre_s36,ERA19381426,Spain,43.2848° N,2.1714° W,Faeces,1,2019/10/09,Day1
pre_s36_2.fastq.gz,pre_s36_2,Apodemus_sylvaticus,Apodemus_sylvaticus,pre_s36,ERA19381426,Spain,43.2848° N,2.1714° W,Faeces,2,2019/10/09,Day1
pre_s4_1.fastq.gz,pre_s4_1,Apodemus_sylvaticus,Apodemus_sylvaticus,pre_s4,ERA19381426,Spain,43.2848° N,2.1714° W,Faeces,1,2019/10/09,Day1
pre_s4_2.fastq.gz,pre_s4_2,Apodemus_sylvaticus,Apodemus_sylvaticus,pre_s4,ERA19381426,Spain,43.2848° N,2.1714° W,Faeces,2,2019/10/09,Day1
pre_s5_1.fastq.gz,pre_s5_1,Apodemus_sylvaticus,Apodemus_sylvaticus,pre_s5,ERA19381426,Spain,43.2848° N,2.1714° W,Faeces,1,2019/10/09,Day1
pre_s5_2.fastq.gz,pre_s5_2,Apodemus_sylvaticus,Apodemus_sylvaticus,pre_s5,ERA19381426,Spain,43.2848° N,2.1714° W,Faeces,2,2019/10/09,Day1
Pre_s6_1.fastq.gz,Pre_s6_1,Apodemus_sylvaticus,Apodemus_sylvaticus,Pre_s6,ERA19381426,Spain,43.2848° N,2.1714° W,Faeces,1,2019/10/09,Day1
Pre_s6_2.fastq.gz,Pre_s6_2,Apodemus_sylvaticus,Apodemus_sylvaticus,Pre_s6,ERA19381426,Spain,43.2848° N,2.1714° W,Faeces,2,2019/10/09,Day1
Pre_s9_1.fastq.gz,Pre_s9_1,Crocidura_russula,Crocidura_russula,Pre_s9,ERA19381426,Spain,43.2848° N,2.1714° W,Faeces,1,2019/10/09,Day1
Pre_s9_2.fastq.gz,Pre_s9_2,Crocidura_russula,Crocidura_russula,Pre_s9,ERA19381426,Spain,43.2848° N,2.1714° W,Faeces,2,2019/10/09,Day1
