"","user_genome","Domain","Phylum","Class","Order","Family","Genus","Species"
"1","bin_m1.cct123","Bacteria","Campylobacterota","Campylobacteria","Campylobacterales","Helicobacteraceae","NHYN01",""
"2","bin_m1.mtb106","Bacteria","Firmicutes_A","Clostridia_A","Christensenellales","Borkfalkiaceae","UBA11940",""
"3","bin_m1.mtb147","Bacteria","Firmicutes_A","Clostridia","Lachnospirales","Lachnospiraceae","Kineothrix",""
"4","bin_m1.mtb2","Bacteria","Firmicutes_A","Clostridia_A","Christensenellales","UBA3700","",""
"5","bin_m1.mxb107_sub","Bacteria","Bacteroidota","Bacteroidia","Bacteroidales","Marinifilaceae","",""
"6","bin_m1.vmb35","Bacteria","Bacteroidota","Bacteroidia","Bacteroidales","UBA932","RC9",""
"7","bin_m1.vmb46","Bacteria","Firmicutes_A","Clostridia","Lachnospirales","Lachnospiraceae","1XD42-69",""
"8","bin_m10.cct0","Bacteria","Firmicutes_A","Clostridia_A","Christensenellales","","",""
"9","bin_m10.cct151","Bacteria","Bacteroidota","Bacteroidia","Bacteroidales","Muribaculaceae","CAG-485",""
"10","bin_m10.cct29","Bacteria","Firmicutes_A","Clostridia","RUG12999","RUG12999","",""
"11","bin_m10.cct54_sub","Bacteria","Proteobacteria","Alphaproteobacteria","RF32","CAG-239","CAG-267",""
"12","bin_m10.cct7_sub","Bacteria","Proteobacteria","Alphaproteobacteria","Rs-D84","Rs-D84","Rs-D84",""
"13","bin_m10.mtb109","Bacteria","Bacteroidota","Bacteroidia","Bacteroidales","Muribaculaceae","Paramuribaculum","Paramuribaculum sp001689565"
"14","bin_m10.mtb12","Bacteria","Bacteroidota","Bacteroidia","Bacteroidales","Muribaculaceae","CAG-873",""
"15","bin_m10.mtb135","Bacteria","Bacteroidota","Bacteroidia","Bacteroidales","Muribaculaceae","Muribaculum",""
"16","bin_m10.mtb158","Bacteria","Firmicutes_A","Clostridia_A","Christensenellales","CAG-917","CAG-475",""
"17","bin_m10.mtb172_sub","Bacteria","Firmicutes_A","Clostridia","Clostridiales","Clostridiaceae","Clostridium",""
"18","bin_m10.mtb180","Bacteria","Firmicutes_A","Clostridia_A","Christensenellales","CAG-552","",""
"19","bin_m10.mtb18_sub","Bacteria","Firmicutes_A","Clostridia_A","Christensenellales","Borkfalkiaceae","UBA11940",""
"20","bin_m10.mtb200","Bacteria","Bacteroidota","Bacteroidia","Bacteroidales","Muribaculaceae","Muribaculum",""
"21","bin_m10.mtb203","Bacteria","Firmicutes_A","Clostridia_A","Christensenellales","Borkfalkiaceae","UMGS1004",""
"22","bin_m10.mtb248","Bacteria","Firmicutes_A","Clostridia_A","Christensenellales","Borkfalkiaceae","UBA11940",""
"23","bin_m10.mtb37","Bacteria","Bacteroidota","Bacteroidia","Bacteroidales","P3","",""
"24","bin_m10.mtb58","Bacteria","Firmicutes_A","Clostridia","Oscillospirales","Ruminococcaceae","",""
"25","bin_m10.mtb70","Bacteria","Firmicutes","Bacilli","Acholeplasmatales","Anaeroplasmataceae","UMGS268",""
"26","bin_m10.mtb71","Bacteria","Firmicutes_A","Clostridia_A","Christensenellales","UBA3700","RACS-045",""
"27","bin_m10.mtb86","Bacteria","Bacteroidota","Bacteroidia","Bacteroidales","Muribaculaceae","CAG-873",""
"28","bin_m10.mxb17","Bacteria","Firmicutes_A","Clostridia_A","Christensenellales","UBA3700","RACS-045",""
"29","bin_m10.mxb39","Bacteria","Proteobacteria","Alphaproteobacteria","Rs-D84","Rs-D84","Rs-D84",""
"30","bin_m10.mxb49","Bacteria","Bacteroidota","Bacteroidia","Bacteroidales","Muribaculaceae","Duncaniella",""
"31","bin_m10.mxb52","Bacteria","Bacteroidota","Bacteroidia","Bacteroidales","Rikenellaceae","Alistipes",""
"32","bin_m10.mxb53","Bacteria","Bacteroidota","Bacteroidia","Bacteroidales","Muribaculaceae","UBA3263",""
"33","bin_m10.mxb56_sub","Bacteria","Proteobacteria","Gammaproteobacteria","Enterobacterales","Enterobacteriaceae","Escherichia","Escherichia marmotae"
"34","bin_m10.mxb78_sub","Bacteria","Firmicutes_A","Clostridia","Lachnospirales","Lachnospiraceae","Acetatifactor",""
"35","bin_m10.mxb87_sub","Bacteria","Firmicutes_A","Clostridia_A","Christensenellales","Borkfalkiaceae","UBA11940",""
"36","bin_m10.vmb1","Bacteria","Firmicutes_A","Clostridia","Lachnospirales","Lachnospiraceae","Schaedlerella",""
"37","bin_m10.vmb10","Bacteria","Bacteroidota","Bacteroidia","Bacteroidales","Rikenellaceae","Alistipes",""
"38","bin_m10.vmb106","Bacteria","Bacteroidota","Bacteroidia","Bacteroidales","Bacteroidaceae","Paraprevotella",""
"39","bin_m10.vmb116","Bacteria","Bacteroidota","Bacteroidia","Flavobacteriales","UBA1820","UBA1820",""
"40","bin_m10.vmb122","Bacteria","Firmicutes_A","Clostridia_A","Christensenellales","CAG-552","",""
"41","bin_m10.vmb141","Bacteria","Proteobacteria","Gammaproteobacteria","Burkholderiales","Burkholderiaceae","Parasutterella","Parasutterella sp009767915"
"42","bin_m10.vmb15","Bacteria","Bacteroidota","Bacteroidia","Bacteroidales","Muribaculaceae","UBA7173","UBA7173 sp002491305"
"43","bin_m10.vmb163_sub","Bacteria","Firmicutes_A","Clostridia_A","Christensenellales","CAG-552","HGM11386",""
"44","bin_m10.vmb169","Bacteria","Firmicutes_A","Clostridia","Lachnospirales","Lachnospiraceae","UBA7160",""
"45","bin_m10.vmb194","Bacteria","Bacteroidota","Bacteroidia","Bacteroidales","Bacteroidaceae","Bacteroides","Bacteroides sp902362375"
"46","bin_m10.vmb32","Bacteria","Elusimicrobiota","Elusimicrobia","Elusimicrobiales","Elusimicrobiaceae","UBA1436",""
"47","bin_m10.vmb38","Bacteria","Patescibacteria","Saccharimonadia","Saccharimonadales","Saccharimonadaceae","UBA2866",""
"48","bin_m10.vmb62","Bacteria","Patescibacteria","Saccharimonadia","Saccharimonadales","Saccharimonadaceae","UBA2866",""
"49","bin_m10.vmb68_sub","Bacteria","Bacteroidota","Bacteroidia","Bacteroidales","Bacteroidaceae","Prevotella",""
"50","bin_m10.vmb93_sub","Bacteria","Firmicutes_A","Clostridia_A","Christensenellales","Borkfalkiaceae","UBA11940",""
"51","bin_m10.vmb94","Bacteria","Bacteroidota","Bacteroidia","Bacteroidales","Muribaculaceae","UBA3263","UBA3263 sp002490725"
"52","bin_m11.cct146_sub","Bacteria","Firmicutes_A","Clostridia","Peptostreptococcales","Anaerovoracaceae","Emergencia",""
"53","bin_m11.cct159","Bacteria","Desulfobacterota","Desulfovibrionia","Desulfovibrionales","Desulfovibrionaceae","Desulfovibrio",""
"54","bin_m11.cct57","Bacteria","Campylobacterota","Campylobacteria","Campylobacterales","Helicobacteraceae","Helicobacter_C","Helicobacter_C japonicus"
"55","bin_m11.cct71_sub","Bacteria","Patescibacteria","Saccharimonadia","Saccharimonadales","Saccharimonadaceae","UBA2866",""
"56","bin_m11.cct89_sub","Bacteria","Firmicutes_A","Clostridia","Monoglobales_A","UBA1381","CAG-41",""
"57","bin_m11.cct96","Bacteria","Firmicutes_A","Clostridia","Oscillospirales","Acutalibacteraceae","Eubacterium_R",""
"58","bin_m11.mtb101","Bacteria","Firmicutes_A","Clostridia","Lachnospirales","Lachnospiraceae","CAG-95",""
"59","bin_m11.mtb107","Bacteria","Bacteroidota","Bacteroidia","Bacteroidales","Muribaculaceae","CAG-873",""
"60","bin_m11.mtb133","Bacteria","Bacteroidota","Bacteroidia","Bacteroidales","Rikenellaceae","Rikenella",""
"61","bin_m11.mtb193","Bacteria","Bacteroidota","Bacteroidia","Bacteroidales","Muribaculaceae","UBA7173",""
"62","bin_m11.mtb203","Bacteria","Firmicutes_A","Clostridia","Lachnospirales","Lachnospiraceae","VSOB01",""
"63","bin_m11.mtb206","Bacteria","Firmicutes_A","Clostridia_A","Christensenellales","Borkfalkiaceae","UBA11940",""
"64","bin_m11.mtb208","Bacteria","Bacteroidota","Bacteroidia","Bacteroidales","Muribaculaceae","Paramuribaculum","Paramuribaculum sp001689565"
"65","bin_m11.mtb241_sub","Bacteria","Firmicutes_A","Clostridia","Oscillospirales","Oscillospiraceae","UMGS1872",""
"66","bin_m11.mtb243","Bacteria","Bacteroidota","Bacteroidia","Bacteroidales","Muribaculaceae","UBA7173",""
"67","bin_m11.mtb249","Bacteria","Firmicutes_A","Clostridia_A","Christensenellales","","",""
"68","bin_m11.mtb265","Bacteria","Firmicutes_A","Clostridia","Lachnospirales","Lachnospiraceae","",""
"69","bin_m11.mtb57","Bacteria","Firmicutes_A","Clostridia_A","Christensenellales","UBA1242","UBA11517",""
"70","bin_m11.mtb58","Bacteria","Firmicutes_A","Clostridia_A","Christensenellales","CAG-552","",""
"71","bin_m11.mtb59","Bacteria","Firmicutes_A","Clostridia_A","Christensenellales","Borkfalkiaceae","UMGS1004",""
"72","bin_m11.mtb76","Bacteria","Firmicutes_A","Clostridia","Lachnospirales","Lachnospiraceae","1XD8-76",""
"73","bin_m11.mxb20","Bacteria","Firmicutes_A","Clostridia_A","Christensenellales","Borkfalkiaceae","UBA11940",""
"74","bin_m11.mxb53","Bacteria","Firmicutes_A","Clostridia_A","Christensenellales","Borkfalkiaceae","UMGS1004",""
"75","bin_m11.mxb6","Bacteria","Proteobacteria","Gammaproteobacteria","Enterobacterales","Enterobacteriaceae","Raoultella","Raoultella planticola"
"76","bin_m11.vmb104","Bacteria","Firmicutes_A","Clostridia","Lachnospirales","Lachnospiraceae","ASTD01",""
"77","bin_m11.vmb173","Bacteria","Firmicutes_A","Clostridia","Oscillospirales","Acutalibacteraceae","Acutalibacter",""
"78","bin_m11.vmb184","Bacteria","Bacteroidota","Bacteroidia","Bacteroidales","Muribaculaceae","UBA7173",""
"79","bin_m11.vmb199","Bacteria","Firmicutes_A","Clostridia","Monoglobales","Monoglobaceae","",""
"80","bin_m11.vmb200_sub","Bacteria","Firmicutes_A","Clostridia_A","Christensenellales","CAG-314","",""
"81","bin_m11.vmb25","Bacteria","Firmicutes_A","Clostridia_A","Christensenellales","Borkfalkiaceae","UBA11940",""
"82","bin_m11.vmb32","Bacteria","Firmicutes_A","Clostridia_A","Christensenellales","Borkfalkiaceae","UBA11940",""
"83","bin_m11.vmb45","Bacteria","Firmicutes_A","Clostridia","Lachnospirales","Lachnospiraceae","ASTD01",""
"84","bin_m11.vmb61","Bacteria","Patescibacteria","Saccharimonadia","Saccharimonadales","Saccharimonadaceae","UBA2866",""
"85","bin_m11.vmb74","Bacteria","Firmicutes_A","Clostridia","Lachnospirales","Lachnospiraceae","UMGS1370",""
"86","bin_m11.vmb84","Bacteria","Bacteroidota","Bacteroidia","Bacteroidales","Muribaculaceae","Duncaniella","Duncaniella sp001689575"
"87","bin_m12.cct109_sub","Bacteria","Bacteroidota","Bacteroidia","Bacteroidales","Muribaculaceae","CAG-873",""
"88","bin_m12.cct139","Bacteria","Proteobacteria","Alphaproteobacteria","Rs-D84","Rs-D84","Rs-D84",""
"89","bin_m12.cct52_sub","Bacteria","Firmicutes_A","Clostridia","Lachnospirales","Lachnospiraceae","UBA7109",""
"90","bin_m12.cct83_sub","Bacteria","Firmicutes_A","Clostridia","Oscillospirales","Acutalibacteraceae","CAG-557",""
"91","bin_m12.mtb121","Bacteria","Bacteroidota","Bacteroidia","Bacteroidales","Muribaculaceae","Paramuribaculum","Paramuribaculum sp001689535"
"92","bin_m12.mtb122","Bacteria","Firmicutes","Bacilli","Lactobacillales","Lactobacillaceae","Lactobacillus",""
"93","bin_m12.mtb124","Bacteria","Bacteroidota","Bacteroidia","Bacteroidales","Muribaculaceae","CAG-873",""
"94","bin_m12.mtb152","Bacteria","Bacteroidota","Bacteroidia","Bacteroidales","Muribaculaceae","UBA3263",""
"95","bin_m12.mtb29","Bacteria","Cyanobacteria","Vampirovibrionia","Gastranaerophilales","Gastranaerophilaceae","Zag111",""
"96","bin_m12.mtb43","Bacteria","Firmicutes_A","Clostridia","TANB77","CAG-508","UMGS1994",""
"97","bin_m12.mtb81","Bacteria","Firmicutes","Bacilli","Lactobacillales","Lactobacillaceae","Limosilactobacillus","Limosilactobacillus sp014145615"
"98","bin_m12.mtb99_sub","Bacteria","Firmicutes_A","Clostridia","Lachnospirales","Lachnospiraceae","Schaedlerella",""
"99","bin_m12.mxb67_sub","Bacteria","Firmicutes_A","Clostridia","Lachnospirales","Lachnospiraceae","Acetatifactor",""
"100","bin_m12.mxb77_sub","Bacteria","Firmicutes_A","Clostridia","TANB77","CAG-508","UMGS1663",""
"101","bin_m12.vmb111","Bacteria","Proteobacteria","Alphaproteobacteria","RF32","CAG-239","CAG-495",""
"102","bin_m12.vmb143","Bacteria","Firmicutes_A","Clostridia","Lachnospirales","Lachnospiraceae","14-2",""
"103","bin_m12.vmb162","Bacteria","Firmicutes","Bacilli","ML615J-28","CAG-313","CAG-313",""
"104","bin_m12.vmb38","Bacteria","Firmicutes_A","Clostridia_A","Christensenellales","CAG-552","",""
"105","bin_m12.vmb59","Bacteria","Proteobacteria","Alphaproteobacteria","RF32","CAG-239","CAG-267",""
"106","bin_m13.cct136_sub","Bacteria","Firmicutes_A","Clostridia_A","Christensenellales","CAG-552","",""
"107","bin_m13.mtb110","Bacteria","Firmicutes_A","Clostridia","Lachnospirales","Lachnospiraceae","UBA3282",""
"108","bin_m13.mtb113_sub","Bacteria","Firmicutes_A","Clostridia","TANB77","CAG-508","",""
"109","bin_m13.mtb118_sub","Bacteria","Bacteroidota","Bacteroidia","Bacteroidales","Rikenellaceae","Alistipes",""
"110","bin_m13.mtb145","Bacteria","Bacteroidota","Bacteroidia","Bacteroidales","Rikenellaceae","Alistipes",""
"111","bin_m13.mtb164_sub","Bacteria","Firmicutes_A","Clostridia","Lachnospirales","Lachnospiraceae","Lachnospira",""
"112","bin_m13.mtb182","Bacteria","Bacteroidota","Bacteroidia","Bacteroidales","Muribaculaceae","Paramuribaculum",""
"113","bin_m13.mtb194","Bacteria","Firmicutes","Bacilli","Lactobacillales","Lactobacillaceae","Lactobacillus","Lactobacillus intestinalis"
"114","bin_m13.mtb199","Bacteria","Patescibacteria","Saccharimonadia","Saccharimonadales","Saccharimonadaceae","UBA2866",""
"115","bin_m13.mtb55","Bacteria","Bacteroidota","Bacteroidia","Bacteroidales","Rikenellaceae","Alistipes",""
"116","bin_m13.mtb58","Bacteria","Proteobacteria","Alphaproteobacteria","UBA3830","UBA3830","CADBNZ01",""
"117","bin_m13.mtb75","Bacteria","Proteobacteria","Alphaproteobacteria","RF32","CAG-239","CAG-495",""
"118","bin_m13.mtb85","Bacteria","Proteobacteria","Alphaproteobacteria","Rickettsiales","","",""
"119","bin_m13.mtb94","Bacteria","Bacteroidota","Bacteroidia","Bacteroidales","Rikenellaceae","Alistipes",""
"120","bin_m13.mtb95","Bacteria","Firmicutes_A","Clostridia","Lachnospirales","Lachnospiraceae","1XD8-76",""
"121","bin_m13.mtb98","Bacteria","Verrucomicrobiota","Verrucomicrobiae","Opitutales","","",""
"122","bin_m13.mxb183_sub","Bacteria","Firmicutes_A","Clostridia_A","Christensenellales","","",""
"123","bin_m13.mxb31","Bacteria","Firmicutes","Bacilli","Mycoplasmatales","Mycoplasmoidaceae","",""
"124","bin_m13.mxb55_sub","Bacteria","Firmicutes_A","Clostridia_A","Christensenellales","Borkfalkiaceae","UBA11940",""
"125","bin_m13.mxb57","Bacteria","Proteobacteria","Gammaproteobacteria","Burkholderiales","Burkholderiaceae","Parasutterella",""
"126","bin_m13.mxb60_sub","Bacteria","Firmicutes_A","Clostridia","Lachnospirales","Lachnospiraceae","TF01-11",""
"127","bin_m13.mxb67_sub","Bacteria","Firmicutes_A","Clostridia","Lachnospirales","Lachnospiraceae","CAG-95",""
"128","bin_m13.mxb7","Bacteria","Firmicutes_A","Clostridia_A","Christensenellales","Borkfalkiaceae","UBA11940",""
"129","bin_m13.vmb103","Bacteria","Bacteroidota","Bacteroidia","Bacteroidales","Muribaculaceae","UBA7173",""
"130","bin_m13.vmb111","Bacteria","Firmicutes_A","Clostridia","Lachnospirales","WRBF01","",""
"131","bin_m13.vmb114","Bacteria","Firmicutes_A","Clostridia","Lachnospirales","Lachnospiraceae","UBA9502","UBA9502 sp003611875"
"132","bin_m13.vmb131","Bacteria","Firmicutes_A","Clostridia_A","Christensenellales","Borkfalkiaceae","UBA11940",""
"133","bin_m13.vmb150","Bacteria","Firmicutes_A","Clostridia","Lachnospirales","Lachnospiraceae","MD308",""
"134","bin_m13.vmb30","Bacteria","Proteobacteria","Gammaproteobacteria","Enterobacterales","Pasteurellaceae","Rodentibacter","Rodentibacter sp001999425"
"135","bin_m13.vmb37","Bacteria","Firmicutes_A","Clostridia_A","Christensenellales","CAG-552","",""
"136","bin_m13.vmb72","Bacteria","Firmicutes_A","Clostridia_A","Christensenellales","CAG-552","",""
"137","bin_m13.vmb79","Bacteria","Firmicutes","Bacilli","Erysipelotrichales","Erysipelatoclostridiaceae","Erysipelatoclostridium","Erysipelatoclostridium ramosum"
"138","bin_m13.vmb90","Bacteria","Firmicutes_A","Clostridia","Lachnospirales","Lachnospiraceae","UBA3282",""
"139","bin_m14.cct152","Bacteria","Firmicutes_A","Clostridia","Oscillospirales","Acutalibacteraceae","UMGS1071",""
"140","bin_m14.cct71","Bacteria","Firmicutes_A","Clostridia_A","Christensenellales","UBA3700","RACS-045",""
"141","bin_m14.mtb117_sub","Bacteria","Firmicutes_A","Clostridia","Oscillospirales","Oscillospiraceae","UBA9475",""
"142","bin_m14.mtb121","Bacteria","Firmicutes_A","Clostridia","Lachnospirales","Lachnospiraceae","Kineothrix",""
"143","bin_m14.mtb129","Bacteria","Bacteroidota","Bacteroidia","Bacteroidales","Rikenellaceae","Alistipes",""
"144","bin_m14.mtb131","Bacteria","Firmicutes_A","Clostridia","Oscillospirales","Oscillospiraceae","Dysosmobacter",""
"145","bin_m14.mtb143","Bacteria","Actinobacteriota","Coriobacteriia","Coriobacteriales","Eggerthellaceae","Adlercreutzia",""
"146","bin_m14.mtb145_sub","Bacteria","Firmicutes","Bacilli","RF39","UBA660","UBA5026",""
"147","bin_m14.mtb152_sub","Bacteria","Firmicutes_A","Clostridia_A","Christensenellales","CAG-552","",""
"148","bin_m14.mtb172","Bacteria","Bacteroidota","Bacteroidia","Bacteroidales","Muribaculaceae","CAG-485",""
"149","bin_m14.mtb203","Bacteria","Bacteroidota","Bacteroidia","Bacteroidales","Muribaculaceae","CAG-1031",""
"150","bin_m14.mtb42","Bacteria","Bacteroidota","Bacteroidia","Bacteroidales","Rikenellaceae","Alistipes",""
"151","bin_m14.mtb44","Bacteria","Cyanobacteria","Vampirovibrionia","Gastranaerophilales","Gastranaerophilaceae","UBA1221",""
"152","bin_m14.mxb149","Bacteria","Desulfobacterota","Desulfovibrionia","Desulfovibrionales","Desulfovibrionaceae","Desulfovibrio",""
"153","bin_m14.mxb51","Bacteria","Bacteroidota","Bacteroidia","Bacteroidales","Muribaculaceae","CAG-873",""
"154","bin_m14.vmb100","Bacteria","Bacteroidota","Bacteroidia","Bacteroidales","Muribaculaceae","CAG-485",""
"155","bin_m14.vmb113","Bacteria","Firmicutes","Bacilli","Lactobacillales","Streptococcaceae","Streptococcus",""
"156","bin_m14.vmb125","Bacteria","Firmicutes_A","Clostridia","Oscillospirales","Oscillospiraceae","UBA9475",""
"157","bin_m14.vmb146","Bacteria","Firmicutes_A","Clostridia","Oscillospirales","CAG-272","UMGS1815",""
"158","bin_m14.vmb151","Bacteria","Firmicutes_A","Clostridia","Lachnospirales","Lachnospiraceae","Eubacterium_F",""
"159","bin_m14.vmb15_sub","Bacteria","Bacteroidota","Bacteroidia","Bacteroidales","Muribaculaceae","UBA7173",""
"160","bin_m14.vmb161","Bacteria","Firmicutes_A","Clostridia","Lachnospirales","Lachnospiraceae","Acetatifactor",""
"161","bin_m14.vmb179","Bacteria","Patescibacteria","Saccharimonadia","Saccharimonadales","Saccharimonadaceae","UBA2866",""
"162","bin_m14.vmb180","Bacteria","Firmicutes_A","Clostridia_A","Christensenellales","CAG-552","",""
"163","bin_m14.vmb42","Bacteria","Firmicutes_A","Clostridia_A","Christensenellales","Borkfalkiaceae","UMGS1004",""
"164","bin_m14.vmb46","Bacteria","Bacteroidota","Bacteroidia","Bacteroidales","Rikenellaceae","Alistipes",""
"165","bin_m14.vmb57_sub","Bacteria","Bacteroidota","Bacteroidia","Bacteroidales","Muribaculaceae","Paramuribaculum",""
"166","bin_m14.vmb84","Bacteria","Firmicutes","Bacilli","Erysipelotrichales","Erysipelotrichaceae","Dubosiella","Dubosiella sp000403415"
"167","bin_m15.cct109_sub","Bacteria","Firmicutes_A","Clostridia","Lachnospirales","Lachnospiraceae","Acetatifactor",""
"168","bin_m15.cct143","Bacteria","Firmicutes_A","Clostridia","Lachnospirales","Lachnospiraceae","UMGS1370",""
"169","bin_m15.cct169","Bacteria","Firmicutes_A","Clostridia_A","Christensenellales","UBA3700","",""
"170","bin_m15.cct181","Bacteria","Firmicutes_A","Clostridia","Lachnospirales","Lachnospiraceae","14-2",""
"171","bin_m15.mtb129","Bacteria","Firmicutes","Bacilli","Erysipelotrichales","Erysipelotrichaceae","Holdemania",""
"172","bin_m15.mtb130_sub","Bacteria","Firmicutes_A","Clostridia","Lachnospirales","Lachnospiraceae","CAG-95",""
"173","bin_m15.mtb150_sub","Bacteria","Bacteroidota","Bacteroidia","Bacteroidales","Muribaculaceae","Duncaniella","Duncaniella dubosii"
"174","bin_m15.mtb67","Bacteria","Firmicutes_A","Clostridia","Lachnospirales","Lachnospiraceae","MD308",""
"175","bin_m15.mtb72","Bacteria","Firmicutes_A","Clostridia","Lachnospirales","Lachnospiraceae","COE1","COE1 sp002358575"
"176","bin_m15.mtb98","Bacteria","Campylobacterota","Campylobacteria","Campylobacterales","Helicobacteraceae","Helicobacter_D",""
"177","bin_m15.mtb99_sub","Bacteria","Patescibacteria","Saccharimonadia","Saccharimonadales","Saccharimonadaceae","UBA2866",""
"178","bin_m15.mxb29","Bacteria","Verrucomicrobiota","Verrucomicrobiae","Opitutales","UBA9783","UBA1183",""
"179","bin_m15.mxb64_sub","Bacteria","Firmicutes_A","Clostridia","Lachnospirales","Lachnospiraceae","UBA3282",""
"180","bin_m15.mxb73_sub","Bacteria","Patescibacteria","Saccharimonadia","Saccharimonadales","Saccharimonadaceae","UBA2866",""
"181","bin_m15.vmb109","Bacteria","Bacteroidota","Bacteroidia","Bacteroidales","Muribaculaceae","CAG-873",""
"182","bin_m15.vmb121","Bacteria","Firmicutes_A","Clostridia","Lachnospirales","Lachnospiraceae","UBA7182",""
"183","bin_m15.vmb122","Bacteria","Bacteroidota","Bacteroidia","Bacteroidales","Rikenellaceae","Alistipes",""
"184","bin_m15.vmb155","Bacteria","Firmicutes_A","Clostridia","Lachnospirales","Lachnospiraceae","CAG-95",""
"185","bin_m15.vmb17","Bacteria","Firmicutes_A","Clostridia","Lachnospirales","Lachnospiraceae","UBA7182",""
"186","bin_m15.vmb172","Bacteria","Firmicutes_A","Clostridia","Lachnospirales","Lachnospiraceae","UBA3282",""
"187","bin_m15.vmb35","Bacteria","Patescibacteria","Saccharimonadia","Saccharimonadales","Saccharimonadaceae","UBA2866",""
"188","bin_m16.mtb108_sub","Bacteria","Firmicutes_A","Clostridia","Lachnospirales","Lachnospiraceae","CAG-95",""
"189","bin_m16.mtb139","Bacteria","Firmicutes_A","Clostridia","Lachnospirales","Lachnospiraceae","Acetatifactor",""
"190","bin_m16.mtb163_sub","Bacteria","Bacteroidota","Bacteroidia","Bacteroidales","Rikenellaceae","Rikenella",""
"191","bin_m16.mtb186","Bacteria","Firmicutes","Bacilli","Lactobacillales","Lactobacillaceae","Limosilactobacillus",""
"192","bin_m16.mtb190_sub","Bacteria","Firmicutes_A","Clostridia","Oscillospirales","Oscillospiraceae","UMGS1872",""
"193","bin_m16.mtb222","Bacteria","Firmicutes_A","Clostridia_A","Christensenellales","Borkfalkiaceae","UBA11940",""
"194","bin_m16.mtb225","Bacteria","Firmicutes_A","Clostridia_A","Christensenellales","Borkfalkiaceae","UBA11940",""
"195","bin_m16.mtb235_sub","Bacteria","Firmicutes_A","Clostridia","Lachnospirales","Lachnospiraceae","UBA7182",""
"196","bin_m16.mtb29","Bacteria","Bacteroidota","Bacteroidia","Bacteroidales","UBA932","RC9",""
"197","bin_m16.mtb39","Bacteria","Campylobacterota","Campylobacteria","Campylobacterales","Helicobacteraceae","Helicobacter_D",""
"198","bin_m16.mtb79","Bacteria","Bacteroidota","Bacteroidia","Bacteroidales","Rikenellaceae","Alistipes",""
"199","bin_m16.mxb12","Bacteria","Firmicutes_A","Clostridia_A","Christensenellales","Borkfalkiaceae","UBA11940",""
"200","bin_m16.mxb25","Bacteria","Firmicutes_A","Clostridia_A","Christensenellales","UBA3700","",""
"201","bin_m16.mxb27_sub","Bacteria","Firmicutes_A","Clostridia","Lachnospirales","Lachnospiraceae","",""
"202","bin_m16.mxb47_sub","Bacteria","Firmicutes_A","Clostridia","Lachnospirales","Lachnospiraceae","14-2",""
"203","bin_m16.mxb5","Bacteria","Firmicutes_A","Clostridia","Lachnospirales","Lachnospiraceae","Acetatifactor",""
"204","bin_m16.mxb60_sub","Bacteria","Firmicutes_A","Clostridia","Lachnospirales","Lachnospiraceae","UBA3282",""
"205","bin_m16.vmb118","Bacteria","Bacteroidota","Bacteroidia","Bacteroidales","Muribaculaceae","CAG-485",""
"206","bin_m16.vmb148","Bacteria","Bacteroidota","Bacteroidia","Bacteroidales","Muribaculaceae","Paramuribaculum",""
"207","bin_m16.vmb70_sub","Bacteria","Firmicutes_A","Clostridia_A","Christensenellales","Borkfalkiaceae","UBA11940",""
"208","bin_m16.vmb88","Bacteria","Firmicutes_A","Clostridia_A","Christensenellales","Borkfalkiaceae","UMGS1004",""
"209","bin_m16.vmb9","Bacteria","Bacteroidota","Bacteroidia","Bacteroidales","Muribaculaceae","Paramuribaculum","Paramuribaculum sp001689565"
"210","bin_m17.cct113","Bacteria","Firmicutes","Bacilli","Erysipelotrichales","Erysipelotrichaceae","C-19",""
"211","bin_m17.cct133","Bacteria","Firmicutes_A","Clostridia","Oscillospirales","Ruminococcaceae","CAG-115",""
"212","bin_m17.cct135_sub","Bacteria","Proteobacteria","Alphaproteobacteria","Rickettsiales","","",""
"213","bin_m17.cct95","Bacteria","Cyanobacteria","Vampirovibrionia","Gastranaerophilales","RUG14156","RUG14156",""
"214","bin_m17.cct99","Bacteria","Bacteroidota","Bacteroidia","Bacteroidales","Muribaculaceae","CAG-873",""
"215","bin_m17.mtb117","Bacteria","Bacteroidota","Bacteroidia","Bacteroidales","Rikenellaceae","Alistipes",""
"216","bin_m17.mtb142","Bacteria","Firmicutes_A","Clostridia","Lachnospirales","Lachnospiraceae","RUG115",""
"217","bin_m17.mtb168","Bacteria","Bacteroidota","Bacteroidia","Bacteroidales","Marinifilaceae","Odoribacter",""
"218","bin_m17.mtb179_sub","Bacteria","Firmicutes_A","Clostridia_A","Christensenellales","UBA1242","",""
"219","bin_m17.mtb206","Bacteria","Firmicutes_A","Clostridia_A","Christensenellales","Borkfalkiaceae","UBA11940",""
"220","bin_m17.mtb43","Bacteria","Firmicutes_A","Clostridia","Lachnospirales","Lachnospiraceae","Anaerosacchariphilus",""
"221","bin_m17.mtb85","Bacteria","Firmicutes","Bacilli","RF39","UBA660","",""
"222","bin_m17.mxb54","Bacteria","Firmicutes_A","Clostridia","Lachnospirales","Lachnospiraceae","TF01-11",""
"223","bin_m17.mxb8_sub","Bacteria","Firmicutes_A","Clostridia","Lachnospirales","Lachnospiraceae","Acetatifactor",""
"224","bin_m17.vmb109","Bacteria","Firmicutes","Bacilli","Mycoplasmatales","Metamycoplasmataceae","UBA710",""
"225","bin_m17.vmb122","Bacteria","Firmicutes","Bacilli","RF39","UBA660","UBA11963",""
"226","bin_m17.vmb141","Bacteria","Bacteroidota","Bacteroidia","Bacteroidales","Muribaculaceae","Paramuribaculum",""
"227","bin_m17.vmb17","Bacteria","Firmicutes_A","Clostridia_A","Christensenellales","Borkfalkiaceae","UBA11940",""
"228","bin_m17.vmb18","Bacteria","Firmicutes_A","Clostridia","Lachnospirales","Lachnospiraceae","Acetatifactor",""
"229","bin_m17.vmb56","Bacteria","Firmicutes_A","Clostridia_A","Christensenellales","Borkfalkiaceae","",""
"230","bin_m17.vmb58","Bacteria","Firmicutes_A","Clostridia","Lachnospirales","Lachnospiraceae","UBA3282",""
"231","bin_m17.vmb79","Bacteria","Firmicutes_A","Clostridia","Lachnospirales","Lachnospiraceae","Acetatifactor",""
"232","bin_m17.vmb99","Bacteria","Bacteroidota","Bacteroidia","Bacteroidales","Muribaculaceae","Muribaculum","Muribaculum sp001701195"
"233","bin_m18.cct126_sub","Bacteria","Firmicutes","Bacilli","RF39","UBA660","CAG-582",""
"234","bin_m18.cct36","Bacteria","Bacteroidota","Bacteroidia","Bacteroidales","Rikenellaceae","",""
"235","bin_m18.cct47","Bacteria","Bacteroidota","Bacteroidia","Bacteroidales","Muribaculaceae","CAG-485",""
"236","bin_m18.cct71_sub","Bacteria","Firmicutes_A","Clostridia","Lachnospirales","Lachnospiraceae","",""
"237","bin_m18.cct80","Bacteria","Proteobacteria","Alphaproteobacteria","Rs-D84","Rs-D84","Rs-D84",""
"238","bin_m18.cct89_sub","Bacteria","Firmicutes_A","Clostridia","Lachnospirales","Lachnospiraceae","1XD42-69",""
"239","bin_m18.mtb115","Bacteria","Firmicutes_A","Clostridia_A","Christensenellales","Borkfalkiaceae","",""
"240","bin_m18.mtb136","Bacteria","Bacteroidota","Bacteroidia","Bacteroidales","Rikenellaceae","Rikenella",""
"241","bin_m18.mtb158","Bacteria","Bacteroidota","Bacteroidia","Bacteroidales","Muribaculaceae","CAG-873",""
"242","bin_m18.mtb175","Bacteria","Firmicutes_A","Clostridia","Lachnospirales","Lachnospiraceae","COE1",""
"243","bin_m18.mtb188","Bacteria","Bacteroidota","Bacteroidia","Bacteroidales","Marinifilaceae","Odoribacter",""
"244","bin_m18.mtb41","Bacteria","Firmicutes_A","Clostridia","TANB77","CAG-508","UBA7001",""
"245","bin_m18.mtb46_sub","Bacteria","Firmicutes","Bacilli","RF39","UBA660","CAG-776",""
"246","bin_m18.vmb13","Bacteria","Firmicutes_A","Clostridia_A","Christensenellales","UBA3700","",""
"247","bin_m18.vmb14","Bacteria","Firmicutes_A","Clostridia_A","Christensenellales","UBA3700","RACS-045",""
"248","bin_m18.vmb18","Bacteria","Actinobacteriota","Coriobacteriia","Coriobacteriales","Atopobiaceae","NM07-P-09","NM07-P-09 sp004793665"
"249","bin_m18.vmb26","Bacteria","Firmicutes_A","Clostridia_A","Christensenellales","Borkfalkiaceae","UBA11940",""
"250","bin_m18.vmb41","Bacteria","Firmicutes_A","Clostridia_A","Christensenellales","Borkfalkiaceae","UBA11940",""
"251","bin_m18.vmb49","Bacteria","Firmicutes_A","Clostridia_A","Christensenellales","UBA1242","UBA11517",""
"252","bin_m19.cct34_sub","Bacteria","Spirochaetota","Spirochaetia","WRBN01","WRBN01","",""
"253","bin_m19.mtb113_sub","Bacteria","Firmicutes_A","Clostridia","Lachnospirales","Lachnospiraceae","Eubacterium_J",""
"254","bin_m19.mtb139_sub","Bacteria","Firmicutes_A","Clostridia","Lachnospirales","Lachnospiraceae","Clostridium_Q","Clostridium_Q symbiosum"
"255","bin_m19.mtb26","Bacteria","Bacteroidota","Bacteroidia","Bacteroidales","Muribaculaceae","CAG-873",""
"256","bin_m19.mtb30_sub","Bacteria","Proteobacteria","Alphaproteobacteria","Rickettsiales","","",""
"257","bin_m19.mtb38","Bacteria","Firmicutes_A","Clostridia_A","Christensenellales","Borkfalkiaceae","UBA11940",""
"258","bin_m19.mtb67","Bacteria","Firmicutes_A","Clostridia","Lachnospirales","Lachnospiraceae","UBA7182","UBA7182 sp009774145"
"259","bin_m19.mxb14_sub","Bacteria","Bacteroidota","Bacteroidia","Bacteroidales","Bacteroidaceae","Bacteroides",""
"260","bin_m19.mxb65","Bacteria","Bacteroidota","Bacteroidia","Bacteroidales","Muribaculaceae","CAG-485",""
"261","bin_m19.vmb107","Bacteria","Bacteroidota","Bacteroidia","Bacteroidales","Rikenellaceae","Alistipes",""
"262","bin_m19.vmb115","Bacteria","Firmicutes_A","Clostridia_A","Christensenellales","Borkfalkiaceae","UBA11940",""
"263","bin_m19.vmb88","Bacteria","Firmicutes_A","Clostridia_A","Christensenellales","Borkfalkiaceae","UBA11940",""
"264","bin_m2.cct144","Bacteria","Proteobacteria","Alphaproteobacteria","Rickettsiales","","",""
"265","bin_m2.cct49","Bacteria","Firmicutes_A","Clostridia_A","Christensenellales","CAG-74","SFFH01",""
"266","bin_m2.cct78_sub","Bacteria","Firmicutes_A","Clostridia","Lachnospirales","Lachnospiraceae","CAG-95",""
"267","bin_m2.mtb108","Bacteria","Firmicutes_A","Clostridia","Lachnospirales","Lachnospiraceae","UBA7182",""
"268","bin_m2.mtb15","Bacteria","Firmicutes_A","Clostridia","TANB77","CAG-465","CAG-465",""
"269","bin_m2.mtb163","Bacteria","Firmicutes_A","Clostridia","TANB77","CAG-508","UBA7001",""
"270","bin_m2.mtb182","Bacteria","Firmicutes_A","Clostridia","Lachnospirales","Lachnospiraceae","UBA3282",""
"271","bin_m2.mtb186","Bacteria","Firmicutes_A","Clostridia","Lachnospirales","Lachnospiraceae","UBA3402",""
"272","bin_m2.mtb196_sub","Bacteria","Firmicutes_A","Clostridia","Lachnospirales","Lachnospiraceae","CAG-95",""
"273","bin_m2.mtb5_sub","Bacteria","Firmicutes","Bacilli","Erysipelotrichales","Erysipelatoclostridiaceae","",""
"274","bin_m2.mtb80","Bacteria","Firmicutes_A","Clostridia","Oscillospirales","Butyricicoccaceae","AM07-15",""
"275","bin_m2.mxb36_sub","Bacteria","Firmicutes","Bacilli","RF39","UBA660","UBA11963",""
"276","bin_m2.mxb54","Bacteria","Firmicutes_A","Clostridia_A","Christensenellales","UBA3700","RACS-045",""
"277","bin_m2.mxb83","Bacteria","Firmicutes_A","Clostridia","Lachnospirales","Lachnospiraceae","",""
"278","bin_m2.mxb88","Bacteria","Firmicutes","Bacilli","Lactobacillales","Lactobacillaceae","Ligilactobacillus","Ligilactobacillus murinus"
"279","bin_m2.mxb90_sub","Bacteria","Bacteroidota","Bacteroidia","Bacteroidales","Muribaculaceae","CAG-873",""
"280","bin_m2.vmb102","Bacteria","Bacteroidota","Bacteroidia","Bacteroidales","Muribaculaceae","UBA7173",""
"281","bin_m2.vmb114","Bacteria","Firmicutes_A","Clostridia_A","Christensenellales","CAG-552","",""
"282","bin_m2.vmb73","Bacteria","Firmicutes_A","Clostridia","Lachnospirales","Lachnospiraceae","Acetatifactor",""
"283","bin_m21.cct124_sub","Bacteria","Bacteroidota","Bacteroidia","Bacteroidales","Muribaculaceae","Paramuribaculum","Paramuribaculum sp001689565"
"284","bin_m21.cct75_sub","Bacteria","Firmicutes_A","Clostridia_A","Christensenellales","Borkfalkiaceae","UMGS1004",""
"285","bin_m21.mtb157_sub","Bacteria","Firmicutes_A","Clostridia_A","Christensenellales","Borkfalkiaceae","",""
"286","bin_m21.mtb170","Bacteria","Firmicutes_A","Clostridia_A","Christensenellales","UBA1242","UBA11517",""
"287","bin_m21.mtb187","Bacteria","Bacteroidota","Bacteroidia","Bacteroidales","Marinifilaceae","Odoribacter",""
"288","bin_m21.mtb20","Bacteria","Firmicutes_A","Clostridia_A","Christensenellales","UBA1242","UBA11517",""
"289","bin_m21.mtb45","Bacteria","Firmicutes_A","Clostridia_A","Christensenellales","CAG-917","CAG-475",""
"290","bin_m21.mtb53","Bacteria","Bacteroidota","Bacteroidia","Bacteroidales","Muribaculaceae","CAG-873",""
"291","bin_m21.mtb57_sub","Bacteria","Firmicutes_A","Clostridia_A","Christensenellales","CAG-314","CAG-1435",""
"292","bin_m21.mtb77_sub","Bacteria","Firmicutes_A","Clostridia","Oscillospirales","Oscillospiraceae","Dysosmobacter",""
"293","bin_m21.mtb83","Bacteria","Firmicutes_A","Clostridia_A","Christensenellales","CAG-552","",""
"294","bin_m21.mxb124","Bacteria","Firmicutes_A","Clostridia","Oscillospirales","Acutalibacteraceae","Acutalibacter",""
"295","bin_m21.mxb24_sub","Bacteria","Firmicutes_A","Clostridia","Lachnospirales","Lachnospiraceae","COE1",""
"296","bin_m21.mxb44","Bacteria","Firmicutes_A","Clostridia_A","Christensenellales","UBA1242","UBA11517",""
"297","bin_m21.vmb10","Bacteria","Firmicutes_A","Clostridia_A","Christensenellales","Borkfalkiaceae","UBA11940",""
"298","bin_m21.vmb130_sub","Bacteria","Firmicutes_A","Clostridia","Lachnospirales","Lachnospiraceae","Acetatifactor",""
"299","bin_m21.vmb32_sub","Bacteria","Firmicutes_A","Clostridia_A","Christensenellales","UBA1242","UBA11517",""
"300","bin_m21.vmb39","Bacteria","Cyanobacteria","Vampirovibrionia","Gastranaerophilales","RUG14156","",""
"301","bin_m22.cct117_sub","Bacteria","Firmicutes_A","Clostridia","Lachnospirales","Lachnospiraceae","UBA3402",""
"302","bin_m22.cct149","Bacteria","Proteobacteria","Gammaproteobacteria","Enterobacterales","Enterobacteriaceae","Klebsiella","Klebsiella pneumoniae"
"303","bin_m22.cct87_sub","Bacteria","Firmicutes_A","Clostridia_A","Christensenellales","CAG-552","",""
"304","bin_m22.mtb115","Bacteria","Firmicutes_A","Clostridia","Oscillospirales","Oscillospiraceae","Dysosmobacter",""
"305","bin_m22.mtb125","Bacteria","Firmicutes_A","Clostridia","Lachnospirales","Lachnospiraceae","UBA3282",""
"306","bin_m22.mtb136","Bacteria","Firmicutes_A","Clostridia_A","Christensenellales","Borkfalkiaceae","",""
"307","bin_m22.mtb157","Bacteria","Bacteroidota","Bacteroidia","Bacteroidales","Muribaculaceae","Duncaniella",""
"308","bin_m22.mtb184","Bacteria","Firmicutes","Bacilli","Acholeplasmatales","Anaeroplasmataceae","UMGS268",""
"309","bin_m22.mtb2","Bacteria","Firmicutes_A","Clostridia_A","Christensenellales","Borkfalkiaceae","",""
"310","bin_m22.mtb219","Bacteria","Firmicutes_A","Clostridia","Lachnospirales","Lachnospiraceae","Kineothrix",""
"311","bin_m22.mtb46","Bacteria","Patescibacteria","Saccharimonadia","Saccharimonadales","Saccharimonadaceae","UBA2866",""
"312","bin_m22.mtb86_sub","Bacteria","Firmicutes_A","Clostridia","Lachnospirales","Lachnospiraceae","Acetatifactor",""
"313","bin_m22.mtb89_sub","Bacteria","Firmicutes_A","Clostridia","Oscillospirales","Oscillospiraceae","UMGS1872",""
"314","bin_m22.mxb32","Bacteria","Firmicutes_A","Clostridia_A","Christensenellales","UBA3700","RACS-045",""
"315","bin_m22.mxb98","Bacteria","Proteobacteria","Gammaproteobacteria","Enterobacterales","Enterobacteriaceae","Escherichia","Escherichia coli"
"316","bin_m22.vmb0","Bacteria","Bacteroidota","Bacteroidia","Bacteroidales","Muribaculaceae","CAG-873",""
"317","bin_m22.vmb147_sub","Bacteria","Firmicutes_A","Clostridia","Lachnospirales","Lachnospiraceae","14-2",""
"318","bin_m22.vmb205_sub","Bacteria","Bacteroidota","Bacteroidia","Bacteroidales","Rikenellaceae","Alistipes",""
"319","bin_m22.vmb20_sub","Bacteria","Firmicutes_A","Clostridia_A","Christensenellales","CAG-552","HGM11386",""
"320","bin_m22.vmb62_sub","Bacteria","Firmicutes_A","Clostridia","TANB77","CAG-508","UBA7001",""
"321","bin_m22.vmb86","Bacteria","Firmicutes_A","Clostridia_A","Christensenellales","Borkfalkiaceae","UBA11940",""
"322","bin_m24.cct0","Bacteria","Firmicutes_A","Clostridia","Lachnospirales","Anaerotignaceae","Anaerotignum",""
"323","bin_m24.cct106_sub","Bacteria","Desulfobacterota","Desulfovibrionia","Desulfovibrionales","Desulfovibrionaceae","Desulfovibrio",""
"324","bin_m24.cct128","Bacteria","Firmicutes","Bacilli","RF39","UBA660","UBA5578",""
"325","bin_m24.cct154","Bacteria","Firmicutes_A","Clostridia_A","Christensenellales","CAG-552","",""
"326","bin_m24.cct23_sub","Bacteria","Firmicutes_A","Clostridia_A","Christensenellales","CAG-552","",""
"327","bin_m24.cct24","Bacteria","Bacteroidota","Bacteroidia","Bacteroidales","Rikenellaceae","Rikenella",""
"328","bin_m24.cct4","Bacteria","Firmicutes_A","Clostridia_A","Christensenellales","","",""
"329","bin_m24.cct57_sub","Bacteria","Firmicutes_A","Clostridia","Lachnospirales","Lachnospiraceae","UBA3402",""
"330","bin_m24.cct74","Bacteria","Firmicutes_A","Clostridia","Oscillospirales","Ruminococcaceae","CAG-115",""
"331","bin_m24.cct81_sub","Bacteria","Firmicutes_A","Clostridia","Lachnospirales","Lachnospiraceae","Acetatifactor",""
"332","bin_m24.mtb10","Bacteria","Firmicutes_A","Clostridia","Lachnospirales","Lachnospiraceae","Acetatifactor",""
"333","bin_m24.mtb106_sub","Bacteria","Firmicutes_A","Clostridia","Oscillospirales","Oscillospiraceae","UMGS1872",""
"334","bin_m24.mtb115","Bacteria","Firmicutes_A","Clostridia_A","Christensenellales","UBA3700","RACS-045",""
"335","bin_m24.mtb14","Bacteria","Firmicutes_A","Clostridia_A","Christensenellales","UBA1242","UBA6345",""
"336","bin_m24.mtb157","Bacteria","Bacteroidota","Bacteroidia","Bacteroidales","Muribaculaceae","Duncaniella","Duncaniella dubosii"
"337","bin_m24.mtb173","Bacteria","Bacteroidota","Bacteroidia","Bacteroidales","Muribaculaceae","Muribaculum","Muribaculum intestinale"
"338","bin_m24.mtb176","Bacteria","Proteobacteria","Alphaproteobacteria","Rickettsiales","","",""
"339","bin_m24.mtb177","Bacteria","Firmicutes_A","Clostridia","Lachnospirales","Lachnospiraceae","",""
"340","bin_m24.mtb184","Bacteria","Firmicutes_A","Clostridia_A","Christensenellales","Borkfalkiaceae","UBA11940",""
"341","bin_m24.mtb201","Bacteria","Firmicutes_A","Clostridia","Lachnospirales","Lachnospiraceae","UBA3282",""
"342","bin_m24.mtb207","Bacteria","Bacteroidota","Bacteroidia","Bacteroidales","Muribaculaceae","CAG-873",""
"343","bin_m24.mtb3","Bacteria","Firmicutes_A","Clostridia","Lachnospirales","Lachnospiraceae","UBA3402",""
"344","bin_m24.mtb67","Bacteria","Firmicutes_A","Clostridia","Oscillospirales","Oscillospiraceae","",""
"345","bin_m24.mtb8","Bacteria","Firmicutes_A","Clostridia","Lachnospirales","Lachnospiraceae","UMGS1370",""
"346","bin_m24.mtb83","Bacteria","Firmicutes_A","Clostridia","Lachnospirales","Lachnospiraceae","UBA7182",""
"347","bin_m24.mtb84_sub","Bacteria","Bacteroidota","Bacteroidia","Bacteroidales","Rikenellaceae","Alistipes",""
"348","bin_m24.mxb17","Bacteria","Firmicutes_A","Clostridia_A","Christensenellales","CAG-314","",""
"349","bin_m24.mxb55","Bacteria","Firmicutes_A","Clostridia","Oscillospirales","Acutalibacteraceae","Eubacterium_R",""
"350","bin_m24.vmb102","Bacteria","Firmicutes_A","Clostridia","Lachnospirales","WRBF01","",""
"351","bin_m24.vmb132_sub","Bacteria","Firmicutes_A","Clostridia_A","Christensenellales","Borkfalkiaceae","UBA11940",""
"352","bin_m24.vmb153","Bacteria","Firmicutes","Bacilli","Erysipelotrichales","Erysipelotrichaceae","Allobaculum",""
"353","bin_m24.vmb166","Bacteria","Firmicutes_B","Dehalobacteriia","UBA4068","UBA5755","",""
"354","bin_m24.vmb170","Bacteria","Firmicutes_A","Clostridia","Lachnospirales","Lachnospiraceae","Eubacterium_J",""
"355","bin_m24.vmb171","Bacteria","Firmicutes_A","Clostridia","TANB77","CAG-508","UBA7001",""
"356","bin_m24.vmb21","Bacteria","Firmicutes_A","Clostridia","Lachnospirales","Lachnospiraceae","UBA7182",""
"357","bin_m24.vmb61_sub","Bacteria","Firmicutes_A","Clostridia_A","Christensenellales","Borkfalkiaceae","UBA11940",""
"358","bin_m24.vmb7","Bacteria","Actinobacteriota","Coriobacteriia","Coriobacteriales","Atopobiaceae","",""
"359","bin_m24.vmb87_sub","Bacteria","Desulfobacterota","Desulfovibrionia","Desulfovibrionales","Desulfovibrionaceae","Mailhella",""
"360","bin_m24.vmb88","Bacteria","Desulfobacterota","Desulfovibrionia","Desulfovibrionales","Desulfovibrionaceae","Desulfovibrio",""
"361","bin_m25.cct11","Bacteria","Firmicutes_A","Clostridia_A","Christensenellales","CAG-314","CAG-1435",""
"362","bin_m25.cct136_sub","Bacteria","Firmicutes","Bacilli","Lactobacillales","Lactobacillaceae","Ligilactobacillus","Ligilactobacillus apodemi"
"363","bin_m25.cct140","Bacteria","Firmicutes_A","Clostridia","Oscillospirales","Acutalibacteraceae","Eubacterium_R",""
"364","bin_m25.cct35_sub","Bacteria","Bacteroidota","Bacteroidia","Bacteroidales","Muribaculaceae","CAG-873",""
"365","bin_m25.cct39_sub","Bacteria","Proteobacteria","Gammaproteobacteria","Enterobacterales","Enterobacteriaceae","Klebsiella_A","Klebsiella_A michiganensis"
"366","bin_m25.cct74_sub","Bacteria","Firmicutes_A","Clostridia_A","Christensenellales","UBA3700","RACS-045",""
"367","bin_m25.cct75_sub","Bacteria","Firmicutes_A","Clostridia","Lachnospirales","CAG-274","",""
"368","bin_m25.cct95","Bacteria","Firmicutes_A","Clostridia_A","Christensenellales","UBA3700","RACS-045",""
"369","bin_m25.mtb107","Bacteria","Firmicutes_A","Clostridia","Lachnospirales","Lachnospiraceae","",""
"370","bin_m25.mtb124_sub","Bacteria","Firmicutes_A","Clostridia","Lachnospirales","Lachnospiraceae","CAG-95",""
"371","bin_m25.mtb125","Bacteria","Firmicutes_A","Clostridia_A","Christensenellales","Borkfalkiaceae","UBA11940",""
"372","bin_m25.mtb130","Bacteria","Bacteroidota","Bacteroidia","Bacteroidales","Muribaculaceae","UBA3263",""
"373","bin_m25.mtb132","Bacteria","Firmicutes","Bacilli","Erysipelotrichales","Erysipelotrichaceae","",""
"374","bin_m25.mtb136","Bacteria","Firmicutes_A","Clostridia_A","Christensenellales","CAG-552","",""
"375","bin_m25.mtb147","Bacteria","Firmicutes","Bacilli","Acholeplasmatales","Anaeroplasmataceae","UMGS268",""
"376","bin_m25.mtb176","Bacteria","Bacteroidota","Bacteroidia","Bacteroidales","Muribaculaceae","CAG-485",""
"377","bin_m25.mtb19","Bacteria","Firmicutes","Bacilli","Acholeplasmatales","Anaeroplasmataceae","UMGS268",""
"378","bin_m25.mtb2","Bacteria","Firmicutes_A","Clostridia","Lachnospirales","Lachnospiraceae","UBA7050",""
"379","bin_m25.mtb4","Bacteria","Firmicutes_A","Clostridia","Lachnospirales","Lachnospiraceae","CAG-95",""
"380","bin_m25.mtb47","Bacteria","Firmicutes_A","Clostridia_A","Christensenellales","CAG-552","",""
"381","bin_m25.mtb52","Bacteria","Firmicutes_A","Clostridia","Lachnospirales","Lachnospiraceae","CAG-510",""
"382","bin_m25.mtb55_sub","Bacteria","Firmicutes_A","Clostridia","Lachnospirales","Lachnospiraceae","COE1",""
"383","bin_m25.mtb58_sub","Bacteria","Firmicutes_A","Clostridia","Lachnospirales","Lachnospiraceae","CAG-95",""
"384","bin_m25.mtb74","Bacteria","Firmicutes_A","Clostridia","Lachnospirales","Lachnospiraceae","UBA3282",""
"385","bin_m25.mtb91","Bacteria","Bacteroidota","Bacteroidia","Bacteroidales","Muribaculaceae","UBA7173",""
"386","bin_m25.mtb94","Bacteria","Bacteroidota","Bacteroidia","Bacteroidales","Muribaculaceae","CAG-485",""
"387","bin_m25.mtb97_sub","Bacteria","Bacteroidota","Bacteroidia","Bacteroidales","Rikenellaceae","Alistipes",""
"388","bin_m25.vmb106","Bacteria","Firmicutes_A","Clostridia","Lachnospirales","Lachnospiraceae","Kineothrix",""
"389","bin_m25.vmb107","Bacteria","Firmicutes_A","Clostridia","Oscillospirales","Ruminococcaceae","Angelakisella",""
"390","bin_m25.vmb111","Bacteria","Firmicutes_A","Clostridia","Lachnospirales","Lachnospiraceae","UMGS1370",""
"391","bin_m25.vmb114","Bacteria","Firmicutes_A","Clostridia_A","Christensenellales","Borkfalkiaceae","UBA11940",""
"392","bin_m25.vmb119","Bacteria","Firmicutes_A","Clostridia","Oscillospirales","Oscillospiraceae","Dysosmobacter","Dysosmobacter sp000403435"
"393","bin_m25.vmb122","Bacteria","Bacteroidota","Bacteroidia","Bacteroidales","Muribaculaceae","UBA7173","UBA7173 sp001689685"
"394","bin_m25.vmb125","Bacteria","Firmicutes_A","Clostridia","Lachnospirales","Lachnospiraceae","1XD8-76",""
"395","bin_m25.vmb13","Bacteria","Firmicutes_A","Clostridia_A","Christensenellales","CAG-917","CAG-475",""
"396","bin_m25.vmb131","Bacteria","Bacteroidota","Bacteroidia","Bacteroidales","Muribaculaceae","Duncaniella",""
"397","bin_m25.vmb19","Bacteria","Firmicutes_A","Clostridia","Lachnospirales","Lachnospiraceae","14-2","14-2 sp004793545"
"398","bin_m25.vmb27","Bacteria","Firmicutes_A","Clostridia_A","Christensenellales","Borkfalkiaceae","UBA11940",""
"399","bin_m25.vmb37","Bacteria","Bacteroidota","Bacteroidia","Bacteroidales","Muribaculaceae","CAG-873",""
"400","bin_m25.vmb40","Bacteria","Cyanobacteria","Vampirovibrionia","Gastranaerophilales","Gastranaerophilaceae","Zag1",""
"401","bin_m25.vmb42","Bacteria","Proteobacteria","Alphaproteobacteria","Rickettsiales","","",""
"402","bin_m25.vmb48_sub","Bacteria","Bacteroidota","Bacteroidia","Bacteroidales","Muribaculaceae","UBA7173",""
"403","bin_m25.vmb76","Bacteria","Bacteroidota","Bacteroidia","Bacteroidales","Muribaculaceae","Duncaniella",""
"404","bin_m25.vmb77_sub","Bacteria","Firmicutes_A","Clostridia","Lachnospirales","Lachnospiraceae","14-2",""
"405","bin_m25.vmb85","Bacteria","Firmicutes_A","Clostridia","Lachnospirales","Lachnospiraceae","CAG-56",""
"406","bin_m25.vmb86_sub","Bacteria","Firmicutes_A","Clostridia_A","Christensenellales","CAG-314","CAG-1435",""
"407","bin_m25.vmb87","Bacteria","Bacteroidota","Bacteroidia","Bacteroidales","Muribaculaceae","Paramuribaculum",""
"408","bin_m3.cct12_sub","Bacteria","Bacteroidota","Bacteroidia","Bacteroidales","Rikenellaceae","Alistipes",""
"409","bin_m3.cct136_sub","Bacteria","Firmicutes_A","Clostridia","Oscillospirales","Ruminococcaceae","CAG-115",""
"410","bin_m3.cct166_sub","Bacteria","Firmicutes_A","Clostridia","Lachnospirales","Lachnospiraceae","Anaerosacchariphilus",""
"411","bin_m3.cct28","Bacteria","Firmicutes_A","Clostridia","Lachnospirales","Anaerotignaceae","Anaerotignum",""
"412","bin_m3.cct77","Bacteria","Proteobacteria","Alphaproteobacteria","Rickettsiales","","",""
"413","bin_m3.cct87","Bacteria","Actinobacteriota","Coriobacteriia","Coriobacteriales","Eggerthellaceae","ZJ304",""
"414","bin_m3.mtb134_sub","Bacteria","Firmicutes_A","Clostridia","Oscillospirales","Oscillospiraceae","UMGS1872",""
"415","bin_m3.mtb140","Bacteria","Bacteroidota","Bacteroidia","Bacteroidales","Rikenellaceae","Rikenella",""
"416","bin_m3.mtb191_sub","Bacteria","Firmicutes_A","Clostridia","Lachnospirales","Lachnospiraceae","Acetatifactor",""
"417","bin_m3.mtb192_sub","Bacteria","Firmicutes_A","Clostridia","Lachnospirales","Lachnospiraceae","UBA3282",""
"418","bin_m3.mxb35_sub","Bacteria","Bacteroidota","Bacteroidia","Bacteroidales","Muribaculaceae","UBA7173","UBA7173 sp002491305"
"419","bin_m3.vmb108","Bacteria","Firmicutes_A","Clostridia","Oscillospirales","Acutalibacteraceae","Eubacterium_R",""
"420","bin_m3.vmb138","Bacteria","Bacteroidota","Bacteroidia","Bacteroidales","Tannerellaceae","Parabacteroides","Parabacteroides distasonis"
"421","bin_m3.vmb52","Bacteria","Bacteroidota","Bacteroidia","Bacteroidales","Rikenellaceae","Alistipes",""
"422","bin_m3.vmb99","Bacteria","Firmicutes_A","Clostridia","Oscillospirales","Ruminococcaceae","",""
"423","bin_m4.cct118","Bacteria","Firmicutes_A","Clostridia_A","Christensenellales","UBA1242","UBA11517",""
"424","bin_m4.cct152","Bacteria","Bacteroidota","Bacteroidia","Bacteroidales","Rikenellaceae","",""
"425","bin_m4.cct52","Bacteria","Cyanobacteria","Vampirovibrionia","Gastranaerophilales","Gastranaerophilaceae","Zag1",""
"426","bin_m4.cct96","Bacteria","Proteobacteria","Gammaproteobacteria","Enterobacterales","Enterobacteriaceae","Escherichia","Escherichia flexneri"
"427","bin_m4.mtb156_sub","Bacteria","Firmicutes_A","Clostridia","Lachnospirales","Lachnospiraceae","CAG-590",""
"428","bin_m4.mtb157","Bacteria","Bacteroidota","Bacteroidia","Bacteroidales","Rikenellaceae","Alistipes",""
"429","bin_m4.mtb169","Bacteria","Patescibacteria","Saccharimonadia","Saccharimonadales","Saccharimonadaceae","UBA2866",""
"430","bin_m4.mtb172","Bacteria","Firmicutes_A","Clostridia_A","Christensenellales","Borkfalkiaceae","UBA11940",""
"431","bin_m4.mtb189","Bacteria","Firmicutes","Bacilli","Lactobacillales","Lactobacillaceae","Limosilactobacillus",""
"432","bin_m4.mtb210","Bacteria","Patescibacteria","Saccharimonadia","Saccharimonadales","Saccharimonadaceae","UBA2866",""
"433","bin_m4.vmb102_sub","Bacteria","Firmicutes_A","Clostridia","TANB77","CAG-508","UBA7001",""
"434","bin_m4.vmb145","Bacteria","Firmicutes_A","Clostridia_A","Christensenellales","CAG-552","",""
"435","bin_m4.vmb154","Bacteria","Bacteroidota","Bacteroidia","Bacteroidales","Muribaculaceae","Paramuribaculum",""
"436","bin_m4.vmb26_sub","Bacteria","Bacteroidota","Bacteroidia","Bacteroidales","Muribaculaceae","CAG-485",""
"437","bin_m4.vmb3","Bacteria","Firmicutes","Bacilli","RF39","UBA660","UBA5026",""
"438","bin_m4.vmb39","Bacteria","Bacteroidota","Bacteroidia","Bacteroidales","Muribaculaceae","Paramuribaculum",""
"439","bin_m4.vmb51","Bacteria","Proteobacteria","Alphaproteobacteria","RF32","CAG-239","CAG-495",""
"440","bin_m4.vmb68","Bacteria","Firmicutes","Bacilli","Erysipelotrichales","Erysipelotrichaceae","Faecalibaculum",""
"441","bin_m4.vmb71","Bacteria","Firmicutes_A","Clostridia","Lachnospirales","Lachnospiraceae","Eubacterium_J",""
"442","bin_m4.vmb99","Bacteria","Proteobacteria","Alphaproteobacteria","RF32","CAG-239","CAG-495",""
"443","bin_m6.cct108","Bacteria","Firmicutes_A","Clostridia","Lachnospirales","Anaerotignaceae","Anaerotignum",""
"444","bin_m6.cct122","Bacteria","Firmicutes_A","Clostridia","Lachnospirales","Lachnospiraceae","Acetatifactor",""
"445","bin_m6.cct2_sub","Bacteria","Spirochaetota","Brachyspirae","Brachyspirales","Brachyspiraceae","Brachyspira",""
"446","bin_m6.cct57","Bacteria","Firmicutes_A","Clostridia","Oscillospirales","Ruminococcaceae","CAG-115",""
"447","bin_m6.cct59","Bacteria","Cyanobacteria","Vampirovibrionia","Gastranaerophilales","RUG14156","",""
"448","bin_m6.mtb1","Bacteria","Firmicutes_A","Clostridia_A","Christensenellales","UBA1242","UBA11517",""
"449","bin_m6.mtb114","Bacteria","Firmicutes_A","Clostridia_A","Christensenellales","Borkfalkiaceae","UBA11940",""
"450","bin_m6.mtb118","Bacteria","Firmicutes_A","Clostridia","Oscillospirales","Acutalibacteraceae","CAG-557",""
"451","bin_m6.mtb171_sub","Bacteria","Firmicutes_A","Clostridia","Lachnospirales","Lachnospiraceae","CAG-95",""
"452","bin_m6.mtb193","Bacteria","Firmicutes_A","Clostridia","Lachnospirales","Lachnospiraceae","Acetatifactor",""
"453","bin_m6.mtb194","Bacteria","Firmicutes_A","Clostridia","Lachnospirales","Lachnospiraceae","UBA7182",""
"454","bin_m6.mtb199","Bacteria","Firmicutes_A","Clostridia","Oscillospirales","Oscillospiraceae","UMGS1872",""
"455","bin_m6.mtb48","Bacteria","Firmicutes_A","Clostridia_A","Christensenellales","Borkfalkiaceae","UBA11940",""
"456","bin_m6.mtb69","Bacteria","Firmicutes_A","Clostridia","Lachnospirales","Lachnospiraceae","",""
"457","bin_m6.mtb70","Bacteria","Firmicutes_A","Clostridia","Lachnospirales","Lachnospiraceae","Acetatifactor",""
"458","bin_m6.mtb89","Bacteria","Firmicutes_A","Clostridia_A","Christensenellales","UBA3700","RACS-045",""
"459","bin_m6.mtb96_sub","Bacteria","Firmicutes_A","Clostridia","Lachnospirales","Lachnospiraceae","CAG-95",""
"460","bin_m6.mxb24","Bacteria","Firmicutes_A","Clostridia_A","Christensenellales","Borkfalkiaceae","UBA11940",""
"461","bin_m6.vmb104","Bacteria","Firmicutes_A","Clostridia","Oscillospirales","Ruminococcaceae","Anaerotruncus",""
"462","bin_m6.vmb11","Bacteria","Firmicutes_A","Clostridia","Oscillospirales","Acutalibacteraceae","CAG-557",""
"463","bin_m6.vmb137","Bacteria","Firmicutes_A","Clostridia","Oscillospirales","Ruminococcaceae","Anaerotruncus",""
"464","bin_m6.vmb143","Bacteria","Firmicutes_A","Clostridia","Oscillospirales","Acutalibacteraceae","",""
"465","bin_m6.vmb53","Bacteria","Firmicutes_A","Clostridia","Lachnospirales","Lachnospiraceae","Roseburia",""
"466","bin_m6.vmb95_sub","Bacteria","Firmicutes_A","Clostridia","Lachnospirales","Lachnospiraceae","Eubacterium_J",""
"467","bin_m7.cct137_sub","Bacteria","Firmicutes","Bacilli","Lactobacillales","Lactobacillaceae","Lactobacillus","Lactobacillus intestinalis"
"468","bin_m7.cct53","Bacteria","Firmicutes_A","Clostridia","Peptostreptococcales","Peptostreptococcaceae","Paraclostridium",""
"469","bin_m7.cct54","Bacteria","Proteobacteria","Gammaproteobacteria","Enterobacterales","Enterobacteriaceae","Escherichia","Escherichia albertii"
"470","bin_m7.cct59","Bacteria","Proteobacteria","Alphaproteobacteria","RUG11792","","",""
"471","bin_m7.cct6","Bacteria","Desulfobacterota","Desulfovibrionia","Desulfovibrionales","Desulfovibrionaceae","Bilophila",""
"472","bin_m7.cct69_sub","Bacteria","Firmicutes_A","Clostridia","Oscillospirales","Acutalibacteraceae","",""
"473","bin_m7.mtb146","Bacteria","Firmicutes_A","Clostridia","Oscillospirales","Acutalibacteraceae","",""
"474","bin_m7.mtb33","Bacteria","Bacteroidota","Bacteroidia","Bacteroidales","Muribaculaceae","UBA3263",""
"475","bin_m7.mtb35","Bacteria","Firmicutes","Bacilli","Lactobacillales","Enterococcaceae","Enterococcus_B","Enterococcus_B hirae"
"476","bin_m7.mtb36","Bacteria","Bacteroidota","Bacteroidia","Bacteroidales","Muribaculaceae","CAG-485",""
"477","bin_m7.mtb7","Bacteria","Firmicutes","Bacilli","RF39","UBA660","UBA5578",""
"478","bin_m7.mtb73","Bacteria","Bacteroidota","Bacteroidia","Bacteroidales","Muribaculaceae","Duncaniella",""
"479","bin_m7.mxb61_sub","Bacteria","Bacteroidota","Bacteroidia","Bacteroidales","Muribaculaceae","CAG-485",""
"480","bin_m7.vmb113_sub","Bacteria","Firmicutes_A","Clostridia","Lachnospirales","Lachnospiraceae","COE1",""
"481","bin_m7.vmb18","Bacteria","Fusobacteriota","Fusobacteriia","Fusobacteriales","Fusobacteriaceae","Fusobacterium_A","Fusobacterium_A ulcerans"
"482","bin_m7.vmb21","Bacteria","Firmicutes_A","Clostridia_A","Christensenellales","Borkfalkiaceae","UBA11940",""
"483","bin_m7.vmb22","Bacteria","Bacteroidota","Bacteroidia","Bacteroidales","Muribaculaceae","CAG-873",""
"484","bin_m7.vmb28","Bacteria","Deferribacterota","Deferribacteres","Deferribacterales","Mucispirillaceae","Mucispirillum",""
"485","bin_m7.vmb5","Bacteria","Bacteroidota","Bacteroidia","Bacteroidales","P3","",""
"486","bin_m7.vmb62_sub","Bacteria","Firmicutes","Bacilli","Lactobacillales","Enterococcaceae","Enterococcus","Enterococcus faecalis"
"487","bin_m7.vmb72","Bacteria","Actinobacteriota","Actinomycetia","Actinomycetales","Bifidobacteriaceae","Bifidobacterium",""
"488","bin_m8.cct156","Bacteria","Firmicutes_A","Clostridia_A","Christensenellales","Borkfalkiaceae","UBA11940",""
"489","bin_m8.cct66","Bacteria","Bacteroidota","Bacteroidia","Bacteroidales","Rikenellaceae","",""
"490","bin_m8.cct7","Bacteria","Firmicutes_A","Clostridia_A","Christensenellales","UBA3700","RACS-045",""
"491","bin_m8.cct94","Bacteria","Firmicutes_A","Clostridia","Oscillospirales","Acutalibacteraceae","Eubacterium_R","Eubacterium_R sp009774735"
"492","bin_m8.mtb115_sub","Bacteria","Firmicutes_A","Clostridia","Lachnospirales","Lachnospiraceae","1XD8-76",""
"493","bin_m8.mtb129","Bacteria","Proteobacteria","Alphaproteobacteria","UBA3830","UBA3830","",""
"494","bin_m8.mtb134","Bacteria","Firmicutes_A","Clostridia","Oscillospirales","Acutalibacteraceae","Acutalibacter",""
"495","bin_m8.mtb135","Bacteria","Bacteroidota","Bacteroidia","Bacteroidales","Muribaculaceae","Paramuribaculum",""
"496","bin_m8.mtb157","Bacteria","Bacteroidota","Bacteroidia","Bacteroidales","Muribaculaceae","Duncaniella","Duncaniella sp002494015"
"497","bin_m8.mtb202","Bacteria","Firmicutes","Bacilli","Erysipelotrichales","Erysipelotrichaceae","Faecalibaculum",""
"498","bin_m8.mtb207","Bacteria","Firmicutes_A","Clostridia","Lachnospirales","Lachnospiraceae","UMGS1370",""
"499","bin_m8.mtb215","Bacteria","Firmicutes_B","Dehalobacteriia","UBA4068","UBA5755","",""
"500","bin_m8.mtb55","Bacteria","Firmicutes_A","Clostridia","Lachnospirales","Lachnospiraceae","1XD42-69",""
"501","bin_m8.mtb71","Bacteria","Firmicutes_A","Clostridia","Oscillospirales","Oscillospiraceae","UMGS1872",""
"502","bin_m8.mtb93","Bacteria","Bacteroidota","Bacteroidia","Bacteroidales","Muribaculaceae","CAG-873",""
"503","bin_m8.mtb96_sub","Bacteria","Bacteroidota","Bacteroidia","Bacteroidales","Rikenellaceae","Alistipes",""
"504","bin_m8.mtb97_sub","Bacteria","Proteobacteria","Alphaproteobacteria","UBA3830","UBA3830","CADBNZ01",""
"505","bin_m8.mxb49_sub","Bacteria","Firmicutes_A","Clostridia_A","Christensenellales","Borkfalkiaceae","UBA11940",""
"506","bin_m8.vmb10","Bacteria","Proteobacteria","Alphaproteobacteria","UBA3830","UBA3830","",""
"507","bin_m8.vmb113","Bacteria","Firmicutes_A","Clostridia","Lachnospirales","Lachnospiraceae","UBA3282",""
"508","bin_m8.vmb119","Bacteria","Desulfobacterota","Desulfovibrionia","Desulfovibrionales","Desulfovibrionaceae","Desulfovibrio",""
"509","bin_m8.vmb163","Bacteria","Patescibacteria","Saccharimonadia","Saccharimonadales","Saccharimonadaceae","UBA2866",""
"510","bin_m8.vmb26","Bacteria","Proteobacteria","Alphaproteobacteria","Rickettsiales","","",""
"511","bin_m8.vmb30","Bacteria","Firmicutes_A","Clostridia","Oscillospirales","Ruminococcaceae","Angelakisella",""
"512","bin_m8.vmb6","Bacteria","Bacteroidota","Bacteroidia","Bacteroidales","Rikenellaceae","Rikenella",""
"513","bin_m8.vmb65","Bacteria","Firmicutes_A","Clostridia","Lachnospirales","Lachnospiraceae","Acetatifactor",""
"514","bin_m8.vmb68","Bacteria","Proteobacteria","Alphaproteobacteria","Rickettsiales","","",""
"515","bin_m9.cct137_sub","Bacteria","Firmicutes_A","Clostridia_A","Christensenellales","Borkfalkiaceae","UBA11940",""
"516","bin_m9.cct6","Bacteria","Firmicutes_A","Clostridia_A","Christensenellales","Borkfalkiaceae","UBA11940",""
"517","bin_m9.mtb127_sub","Bacteria","Firmicutes_A","Clostridia_A","Christensenellales","UBA1242","",""
"518","bin_m9.mtb140","Bacteria","Firmicutes_A","Clostridia","Lachnospirales","Lachnospiraceae","VSOB01",""
"519","bin_m9.mtb16","Bacteria","Firmicutes_A","Clostridia_A","Christensenellales","Borkfalkiaceae","UBA11940",""
"520","bin_m9.vmb103","Bacteria","Firmicutes","Bacilli","Staphylococcales","Staphylococcaceae","Staphylococcus","Staphylococcus xylosus"
"521","bin_m9.vmb60","Bacteria","Proteobacteria","Gammaproteobacteria","Burkholderiales","Burkholderiaceae","",""
"522","bin_s10.cct36","Bacteria","Proteobacteria","Gammaproteobacteria","Pseudomonadales","Moraxellaceae","Acinetobacter","Acinetobacter johnsonii"
"523","bin_s13.cct32","Bacteria","Proteobacteria","Gammaproteobacteria","Pseudomonadales","Moraxellaceae","Acinetobacter","Acinetobacter sp003024515"
"524","bin_s13.cct72","Bacteria","Firmicutes","Bacilli","Staphylococcales","Salinicoccaceae","Jeotgalicoccus","Jeotgalicoccus nanhaiensis"
"525","bin_s13.mtb14","Bacteria","Firmicutes_A","Clostridia","Clostridiales","Clostridiaceae","Clostridium",""
"526","bin_s13.mtb41_sub","Bacteria","Firmicutes","Bacilli","Staphylococcales","Staphylococcaceae","Staphylococcus_A","Staphylococcus_A sciuri"
"527","bin_s13.mtb55","Bacteria","Actinobacteriota","Actinomycetia","Actinomycetales","Micrococcaceae","Paeniglutamicibacter",""
"528","bin_s13.mxb16","Bacteria","Proteobacteria","Gammaproteobacteria","Burkholderiales","Neisseriaceae","",""
"529","bin_s13.mxb21_sub","Bacteria","Proteobacteria","Gammaproteobacteria","Enterobacterales","Aeromonadaceae","Aeromonas",""
"530","bin_s13.vmb19","Bacteria","Proteobacteria","Gammaproteobacteria","Cardiobacteriales","Wohlfahrtiimonadaceae","Wohlfahrtiimonas",""
"531","bin_s13.vmb53","Bacteria","Firmicutes","Bacilli","Bacillales_A","Planococcaceae","Metalysinibacillus","Metalysinibacillus saudimassiliensis"
"532","bin_s14.cct55_sub","Bacteria","Actinobacteriota","Actinomycetia","Actinomycetales","Brevibacteriaceae","Brevibacterium",""
"533","bin_s14.cct6","Bacteria","Actinobacteriota","Actinomycetia","Actinomycetales","Micrococcaceae","Rothia","Rothia sp004136585"
"534","bin_s14.cct67_sub","Bacteria","Proteobacteria","Gammaproteobacteria","Enterobacterales","Enterobacteriaceae","Citrobacter","Citrobacter braakii"
"535","bin_s14.mtb11","Bacteria","Firmicutes","Bacilli","Lactobacillales","Enterococcaceae","Enterococcus","Enterococcus faecalis"
"536","bin_s14.mtb51","Bacteria","Campylobacterota","Campylobacteria","Campylobacterales","Helicobacteraceae","NHYN01",""
"537","bin_s14.mtb52","Bacteria","Spirochaetota","Brevinematia","Brevinematales","Brevinemataceae","Brevinema",""
"538","bin_s14.mxb11","Bacteria","Actinobacteriota","Actinomycetia","Mycobacteriales","Mycobacteriaceae","Dietzia","Dietzia timorensis"
"539","bin_s14.mxb14_sub","Bacteria","Proteobacteria","Gammaproteobacteria","Enterobacterales","Enterobacteriaceae","Providencia","Providencia rettgeri_A"
"540","bin_s14.mxb25_sub","Bacteria","Actinobacteriota","Actinomycetia","Propionibacteriales","Propionibacteriaceae","Granulicoccus",""
"541","bin_s14.mxb34_sub","Bacteria","Firmicutes_A","Clostridia","Lachnospirales","Cellulosilyticaceae","",""
"542","bin_s14.vmb0","Bacteria","Firmicutes","Bacilli","Mycoplasmatales","Metamycoplasmataceae","UBA710",""
"543","bin_s18.mtb24_sub","Bacteria","Firmicutes_A","Clostridia","Clostridiales","Clostridiaceae","Clostridium_P","Clostridium_P perfringens"
"544","bin_s18.mtb29","Bacteria","Firmicutes_A","Clostridia","Lachnospirales","Cellulosilyticaceae","",""
"545","bin_s18.mtb8_sub","Bacteria","Firmicutes_A","Clostridia","Clostridiales","Clostridiaceae","Clostridium","Clostridium sp000753455"
"546","bin_s18.mxb12_sub","Bacteria","Firmicutes_A","Clostridia","Peptostreptococcales","Peptostreptococcaceae","",""
"547","bin_s18.mxb2","Bacteria","Proteobacteria","Gammaproteobacteria","Enterobacterales","Enterobacteriaceae","Proteus","Proteus mirabilis_B"
"548","bin_s19.cct18_sub","Bacteria","Firmicutes_A","Clostridia","Clostridiales","Clostridiaceae","Clostridium_P","Clostridium_P perfringens"
"549","bin_s19.mtb13","Bacteria","Firmicutes","Bacilli","Haloplasmatales_A","Turicibacteraceae","Turicibacter",""
"550","bin_s19.mtb52","Bacteria","Proteobacteria","Gammaproteobacteria","Burkholderiales","Burkholderiaceae","Alcaligenes","Alcaligenes faecalis"
"551","bin_s19.vmb15","Bacteria","Firmicutes_A","Clostridia","Clostridiales","Clostridiaceae","Clostridium","Clostridium sartagoforme_B"
"552","bin_s19.vmb3","Bacteria","Chlamydiota","Chlamydiia","Chlamydiales","Chlamydiaceae","",""
"553","bin_s2.cct8_sub","Bacteria","Proteobacteria","Gammaproteobacteria","Enterobacterales","Enterobacteriaceae","Escherichia",""
"554","bin_s2.mtb4","Bacteria","Firmicutes","Bacilli","Lactobacillales","Vagococcaceae","Vagococcus","Vagococcus martis"
"555","bin_s2.mxb1","Bacteria","Proteobacteria","Gammaproteobacteria","Enterobacterales","Enterobacteriaceae","Escherichia","Escherichia coli"
"556","bin_s2.mxb45_sub","Bacteria","Actinobacteriota","Actinomycetia","Actinomycetales","Microbacteriaceae","Leucobacter",""
"557","bin_s21.cct14_sub","Bacteria","Proteobacteria","Gammaproteobacteria","Enterobacterales","Enterobacteriaceae","Morganella","Morganella morganii"
"558","bin_s21.cct28","Bacteria","Firmicutes","Bacilli","Staphylococcales","Gemellaceae","Gemella",""
"559","bin_s21.cct40","Bacteria","Proteobacteria","Gammaproteobacteria","Enterobacterales","Enterobacteriaceae","Escherichia","Escherichia coli_D"
"560","bin_s21.cct50_sub","Bacteria","Actinobacteriota","Actinomycetia","Actinomycetales","Brevibacteriaceae","Brevibacterium",""
"561","bin_s21.cct65_sub","Bacteria","Firmicutes","Bacilli","Bacillales_A","Planococcaceae","Sporosarcina",""
"562","bin_s21.mtb27_sub","Bacteria","Actinobacteriota","Actinomycetia","Mycobacteriales","Mycobacteriaceae","Corynebacterium","Corynebacterium casei"
"563","bin_s21.mtb58","Bacteria","Actinobacteriota","Actinomycetia","Actinomycetales","Dermatophilaceae","Janibacter",""
"564","bin_s21.mtb63","Bacteria","Proteobacteria","Gammaproteobacteria","Burkholderiales","Neisseriaceae","Neisseria",""
"565","bin_s21.mxb1","Bacteria","Firmicutes_A","Clostridia","Peptostreptococcales","Peptostreptococcaceae","Romboutsia_A",""
"566","bin_s21.mxb14","Bacteria","Firmicutes","Bacilli","Bacillales_A","Planococcaceae","Sporosarcina",""
"567","bin_s21.mxb20_sub","Bacteria","Actinobacteriota","Actinomycetia","Mycobacteriales","Mycobacteriaceae","Dietzia",""
"568","bin_s21.mxb8","Bacteria","Actinobacteriota","Actinomycetia","Mycobacteriales","Mycobacteriaceae","Corynebacterium",""
"569","bin_s22.cct46","Bacteria","Spirochaetota","Leptospirae","Leptospirales","Leptospiraceae","Leptospira","Leptospira kirschneri"
"570","bin_s23.cct16","Bacteria","Proteobacteria","Gammaproteobacteria","Enterobacterales","Aeromonadaceae","Aeromonas","Aeromonas rivipollensis"
"571","bin_s23.cct35","Bacteria","Firmicutes","Bacilli","Lactobacillales","Vagococcaceae","Vagococcus",""
"572","bin_s23.cct40","Bacteria","Firmicutes_A","Clostridia","Clostridiales","Clostridiaceae","Clostridium","Clostridium sp900547475"
"573","bin_s23.cct42","Bacteria","Campylobacterota","Campylobacteria","Campylobacterales","Helicobacteraceae","Helicobacter_A",""
"574","bin_s23.cct8","Bacteria","Firmicutes_A","Clostridia","Lachnospirales","Cellulosilyticaceae","",""
"575","bin_s23.vmb19","Bacteria","Firmicutes","Bacilli","Lactobacillales","Enterococcaceae","Enterococcus_I","Enterococcus_I alcedinis"
"576","bin_s23.vmb39","Bacteria","Firmicutes","Bacilli","Haloplasmatales_A","Turicibacteraceae","Turicibacter",""
"577","bin_s24.cct14","Bacteria","Spirochaetota","Spirochaetia","WRBN01","WRBN01","",""
"578","bin_s24.cct31","Bacteria","Proteobacteria","Gammaproteobacteria","Enterobacterales","Enterobacteriaceae","Escherichia","Escherichia coli_D"
"579","bin_s24.mtb2_sub","Bacteria","Firmicutes_A","Clostridia","Peptostreptococcales","Peptostreptococcaceae","Terrisporobacter",""
"580","bin_s24.vmb3","Bacteria","Firmicutes","Bacilli","Lactobacillales","Vagococcaceae","Vagococcus","Vagococcus fluvialis"
"581","bin_s27.mtb27","Bacteria","Firmicutes","Bacilli","Staphylococcales","Salinicoccaceae","Jeotgalicoccus","Jeotgalicoccus halotolerans"
"582","bin_s27.mtb32","Bacteria","Actinobacteriota","Actinomycetia","Mycobacteriales","Mycobacteriaceae","Corynebacterium",""
"583","bin_s27.mtb39","Bacteria","Proteobacteria","Gammaproteobacteria","Enterobacterales","Pasteurellaceae","Frederiksenia",""
"584","bin_s27.mxb11_sub","Bacteria","Firmicutes_A","Clostridia","Lachnospirales","Cellulosilyticaceae","Niameybacter","Niameybacter sp900549765"
"585","bin_s27.vmb32","Bacteria","Firmicutes","Bacilli","Bacillales_A","Planococcaceae","Metalysinibacillus","Metalysinibacillus alkalisoli"
"586","bin_s27.vmb37","Bacteria","Firmicutes","Bacilli","Erysipelotrichales","Erysipelotrichaceae","Erysipelothrix",""
"587","bin_s27.vmb3_sub","Bacteria","Proteobacteria","Gammaproteobacteria","Cardiobacteriales","Cardiobacteriaceae","",""
"588","bin_s28.cct16","Bacteria","Proteobacteria","Gammaproteobacteria","Pseudomonadales","Pseudomonadaceae","Pseudomonas_C",""
"589","bin_s28.cct47","Bacteria","Firmicutes","Bacilli","Erysipelotrichales","Erysipelotrichaceae","Erysipelothrix","Erysipelothrix sp011301115"
"590","bin_s28.cct48","Bacteria","Bacteroidota","Bacteroidia","Flavobacteriales","Flavobacteriaceae","Myroides","Myroides guanonis"
"591","bin_s28.cct63_sub","Bacteria","Actinobacteriota","Actinomycetia","Actinomycetales","Brevibacteriaceae","Brevibacterium",""
"592","bin_s28.mtb8","Bacteria","Desulfobacterota","Desulfovibrionia","Desulfovibrionales","Desulfovibrionaceae","",""
"593","bin_s28.mxb31","Bacteria","Firmicutes","Bacilli","Mycoplasmatales","Mycoplasmoidaceae","Ureaplasma",""
"594","bin_s28.mxb37_sub","Bacteria","Proteobacteria","Gammaproteobacteria","Enterobacterales","Enterobacteriaceae","Providencia",""
"595","bin_s28.vmb45","Bacteria","Firmicutes_A","Clostridia","Clostridiales","Clostridiaceae","Clostridium_J",""
"596","bin_s28.vmb7","Bacteria","Firmicutes_A","Clostridia","Clostridiales","Clostridiaceae","Clostridium",""
"597","bin_s3.mtb7","Bacteria","Firmicutes","Bacilli","Lactobacillales","Aerococcaceae","",""
"598","bin_s31.cct37_sub","Bacteria","Proteobacteria","Gammaproteobacteria","Pseudomonadales","Moraxellaceae","Acinetobacter","Acinetobacter johnsonii"
"599","bin_s31.cct6_sub","Bacteria","Firmicutes","Bacilli","Staphylococcales","Staphylococcaceae","Staphylococcus_A","Staphylococcus_A sciuri"
"600","bin_s31.mxb16_sub","Bacteria","Bacteroidota","Bacteroidia","Flavobacteriales","Flavobacteriaceae","Myroides","Myroides marinus"
"601","bin_s31.vmb7","Bacteria","Firmicutes_A","Clostridia","Lachnospirales","Cellulosilyticaceae","Niameybacter",""
"602","bin_s34.cct25","Bacteria","Proteobacteria","Gammaproteobacteria","Enterobacterales","Enterobacteriaceae","Providencia","Providencia alcalifaciens"
"603","bin_s34.cct27","Bacteria","Spirochaetota","Spirochaetia","WRBN01","WRBN01","",""
"604","bin_s34.cct32","Bacteria","Firmicutes","Bacilli","Lactobacillales","Streptococcaceae","Lactococcus","Lactococcus petauri"
"605","bin_s34.cct50","Bacteria","Proteobacteria","Alphaproteobacteria","Rhizobiales_A","Rhizobiaceae_A","Pseudochrobactrum","Pseudochrobactrum saccharolyticum"
"606","bin_s34.cct52","Bacteria","Firmicutes","Bacilli","Bacillales_A","Planococcaceae","Kurthia","Kurthia gibsonii"
"607","bin_s34.mtb22_sub","Bacteria","Firmicutes","Bacilli","Mycoplasmatales","Mycoplasmoidaceae","Mycoplasma_L",""
"608","bin_s34.mxb8","Bacteria","Firmicutes","Bacilli","Mycoplasmatales","Mycoplasmoidaceae","Malacoplasma",""
"609","bin_s35.cct57_sub","Bacteria","Firmicutes_A","Clostridia","Peptostreptococcales","Peptostreptococcaceae","Romboutsia",""
"610","bin_s35.cct60","Bacteria","Proteobacteria","Gammaproteobacteria","Enterobacterales","Enterobacteriaceae","Escherichia","Escherichia coli_D"
"611","bin_s35.mxb6_sub","Bacteria","Firmicutes_A","Clostridia","Peptostreptococcales","Peptostreptococcaceae","Romboutsia",""
"612","bin_s36.mtb18","Bacteria","Firmicutes","Bacilli","Lactobacillales","Streptococcaceae","Lactococcus","Lactococcus garvieae"
"613","bin_s36.mtb42","Bacteria","Firmicutes_A","Clostridia","Clostridiales","Clostridiaceae","Clostridium","Clostridium sartagoforme_B"
"614","bin_s36.mxb13","Bacteria","Proteobacteria","Gammaproteobacteria","Enterobacterales","Enterobacteriaceae","Morganella","Morganella morganii"
"615","bin_s36.vmb0","Bacteria","Bacteroidota","Bacteroidia","Flavobacteriales","Flavobacteriaceae","Myroides","Myroides odoratimimus"
"616","bin_s4.cct16_sub","Bacteria","Proteobacteria","Gammaproteobacteria","Enterobacterales","Enterobacteriaceae","Providencia","Providencia rustigianii"
"617","bin_s4.cct33","Bacteria","Firmicutes","Bacilli","Mycoplasmatales","Mycoplasmoidaceae","Ureaplasma",""
"618","bin_s4.mtb50","Bacteria","Firmicutes_A","Clostridia","Lachnospirales","Cellulosilyticaceae","Cellulosilyticum",""
"619","bin_s4.vmb27","Bacteria","Firmicutes","Bacilli","Haloplasmatales_A","Turicibacteraceae","Turicibacter",""
"620","bin_s4.vmb43","Bacteria","Firmicutes_A","Clostridia","Lachnospirales","Cellulosilyticaceae","",""
"621","bin_s5.cct0_sub","Bacteria","Proteobacteria","Gammaproteobacteria","Enterobacterales","Enterobacteriaceae","Citrobacter","Citrobacter portucalensis"
"622","bin_s5.cct41_sub","Bacteria","Proteobacteria","Gammaproteobacteria","Pseudomonadales","Moraxellaceae","Acinetobacter","Acinetobacter rudis"
"623","bin_s5.cct46","Bacteria","Proteobacteria","Gammaproteobacteria","Cardiobacteriales","Wohlfahrtiimonadaceae","Ignatzschineria",""
"624","bin_s5.cct63","Bacteria","Firmicutes_A","Clostridia","Clostridiales","Clostridiaceae","Clostridium","Clostridium butyricum"
"625","bin_s5.cct76","Bacteria","Firmicutes","Bacilli","Bacillales_A","Planococcaceae","Kurthia","Kurthia zopfii"
"626","bin_s5.mtb7","Bacteria","Firmicutes","Bacilli","Lactobacillales","Streptococcaceae","Lactococcus","Lactococcus lactis"
"627","bin_s6.cct39","Bacteria","Proteobacteria","Gammaproteobacteria","Burkholderiales","Neisseriaceae","",""
"628","bin_s6.mtb27","Bacteria","Actinobacteriota","Actinomycetia","Actinomycetales","Brevibacteriaceae","Brevibacterium",""
"629","bin_s6.mtb47","Bacteria","Firmicutes","Bacilli","Staphylococcales","Staphylococcaceae","Staphylococcus_A","Staphylococcus_A lentus"
"630","bin_s6.mtb55","Bacteria","Firmicutes_A","Clostridia","Lachnospirales","Cellulosilyticaceae","Niameybacter",""
"631","bin_s6.mtb9","Bacteria","Proteobacteria","Gammaproteobacteria","Enterobacterales","Enterobacteriaceae","Providencia","Providencia rettgeri_D"
"632","bin_s6.mxb12","Bacteria","Proteobacteria","Gammaproteobacteria","Enterobacterales","Enterobacteriaceae","Morganella","Morganella morganii_A"
"633","bin_s6.vmb19","Bacteria","Proteobacteria","Gammaproteobacteria","Cardiobacteriales","Wohlfahrtiimonadaceae","Wohlfahrtiimonas",""
"634","bin_s6.vmb27","Bacteria","Firmicutes_A","Clostridia","Clostridiales","Clostridiaceae","Clostridium","Clostridium tertium"
